"id","parent_id","title","level","locale","icon","content_path","insert_date","update_date","delete_flg"
"1","1","AIとは何か","1","ja","","lesson-stories/ja/ai_01.json","2024-01-01 00:00:00","2024-01-01 00:00:00","0"
"2","1","機械学習の基本","1","ja","","lesson-stories/ja/ai_02.json","2024-01-01 00:00:00","2024-01-01 00:00:00","0"
"3","1","ニューラルネットワーク","1","ja","","lesson-stories/ja/ai_03.json","2024-01-01 00:00:00","2024-01-01 00:00:00","0"
"4","1","自然言語処理","1","ja","","lesson-stories/ja/ai_04.json","2024-01-01 00:00:00","2024-01-01 00:00:00","0"
"5","1","画像認識AI","1","ja","","lesson-stories/ja/ai_05.json","2024-01-01 00:00:00","2024-01-01 00:00:00","0"
"6","1","ChatGPTを使ってみよう","1","ja","","lesson-stories/ja/ai_06.json","2024-01-01 00:00:00","2024-01-01 00:00:00","0"
"7","1","AIの倫理","1","ja","","lesson-stories/ja/ai_07.json","2024-01-01 00:00:00","2024-01-01 00:00:00","0"
"8","1","AIの未来","1","ja","","lesson-stories/ja/ai_08.json","2024-01-01 00:00:00","2024-01-01 00:00:00","0"
"9","1","AIで何が作れる？","1","ja","","lesson-stories/ja/ai_09.json","2024-01-01 00:00:00","2024-01-01 00:00:00","0"
"10","1","AIプロジェクトを始めよう","1","ja","","lesson-stories/ja/ai_10.json","2024-01-01 00:00:00","2024-01-01 00:00:00","0"
"11","2","What is AI?","1","en","","lesson-stories/en/ai_01.json","2024-01-01 00:00:00","2024-01-01 00:00:00","0"
"12","2","Machine Learning Basics","1","en","","lesson-stories/en/ai_02.json","2024-01-01 00:00:00","2024-01-01 00:00:00","0"
"13","2","Neural Networks","1","en","","lesson-stories/en/ai_03.json","2024-01-01 00:00:00","2024-01-01 00:00:00","0"
"14","2","Natural Language Processing","1","en","","lesson-stories/en/ai_04.json","2024-01-01 00:00:00","2024-01-01 00:00:00","0"
"15","2","Image Recognition AI","1","en","","lesson-stories/en/ai_05.json","2024-01-01 00:00:00","2024-01-01 00:00:00","0"
"16","2","Let's Use ChatGPT","1","en","","lesson-stories/en/ai_06.json","2024-01-01 00:00:00","2024-01-01 00:00:00","0"
"17","2","AI Ethics","1","en","","lesson-stories/en/ai_07.json","2024-01-01 00:00:00","2024-01-01 00:00:00","0"
"18","2","Future of AI","1","en","","lesson-stories/en/ai_08.json","2024-01-01 00:00:00","2024-01-01 00:00:00","0"
"19","2","What Can You Make with AI?","1","en","","lesson-stories/en/ai_09.json","2024-01-01 00:00:00","2024-01-01 00:00:00","0"
"20","2","Start an AI Project","1","en","","lesson-stories/en/ai_10.json","2024-01-01 00:00:00","2024-01-01 00:00:00","0"
"21","3","Apa itu AI?","1","id","","lesson-stories/id/ai_01.json","2024-01-01 00:00:00","2024-01-01 00:00:00","0"
"22","3","Dasar Machine Learning","1","id","","lesson-stories/id/ai_02.json","2024-01-01 00:00:00","2024-01-01 00:00:00","0"
"23","3","Jaringan Neural","1","id","","lesson-stories/id/ai_03.json","2024-01-01 00:00:00","2024-01-01 00:00:00","0"
"24","3","Pemrosesan Bahasa Alami","1","id","","lesson-stories/id/ai_04.json","2024-01-01 00:00:00","2024-01-01 00:00:00","0"
"25","3","AI Pengenalan Gambar","1","id","","lesson-stories/id/ai_05.json","2024-01-01 00:00:00","2024-01-01 00:00:00","0"
"26","3","Mari Gunakan ChatGPT","1","id","","lesson-stories/id/ai_06.json","2024-01-01 00:00:00","2024-01-01 00:00:00","0"
"27","3","Etika AI","1","id","","lesson-stories/id/ai_07.json","2024-01-01 00:00:00","2024-01-01 00:00:00","0"
"28","3","Masa Depan AI","1","id","","lesson-stories/id/ai_08.json","2024-01-01 00:00:00","2024-01-01 00:00:00","0"
"29","3","Apa yang Dibuat dengan AI?","1","id","","lesson-stories/id/ai_09.json","2024-01-01 00:00:00","2024-01-01 00:00:00","0"
"30","3","Mulai Proyek AI","1","id","","lesson-stories/id/ai_10.json","2024-01-01 00:00:00","2024-01-01 00:00:00","0"
"31","4","AI là gì?","1","vi","","lesson-stories/vi/ai_01.json","2024-01-01 00:00:00","2024-01-01 00:00:00","0"
"32","4","Cơ bản Machine Learning","1","vi","","lesson-stories/vi/ai_02.json","2024-01-01 00:00:00","2024-01-01 00:00:00","0"
"33","4","Mạng Neural","1","vi","","lesson-stories/vi/ai_03.json","2024-01-01 00:00:00","2024-01-01 00:00:00","0"
"34","4","Xử lý ngôn ngữ tự nhiên","1","vi","","lesson-stories/vi/ai_04.json","2024-01-01 00:00:00","2024-01-01 00:00:00","0"
"35","4","AI Nhận dạng hình ảnh","1","vi","","lesson-stories/vi/ai_05.json","2024-01-01 00:00:00","2024-01-01 00:00:00","0"
"36","4","Hãy dùng ChatGPT","1","vi","","lesson-stories/vi/ai_06.json","2024-01-01 00:00:00","2024-01-01 00:00:00","0"
"37","4","Đạo đức AI","1","vi","","lesson-stories/vi/ai_07.json","2024-01-01 00:00:00","2024-01-01 00:00:00","0"
"38","4","Tương lai AI","1","vi","","lesson-stories/vi/ai_08.json","2024-01-01 00:00:00","2024-01-01 00:00:00","0"
"39","4","Tạo gì với AI?","1","vi","","lesson-stories/vi/ai_09.json","2024-01-01 00:00:00","2024-01-01 00:00:00","0"
"40","4","Bắt đầu dự án AI","1","vi","","lesson-stories/vi/ai_10.json","2024-01-01 00:00:00","2024-01-01 00:00:00","0"
"41","5","什么是AI?","1","zh","","lesson-stories/zh/ai_01.json","2024-01-01 00:00:00","2024-01-01 00:00:00","0"
"42","5","机器学习基础","1","zh","","lesson-stories/zh/ai_02.json","2024-01-01 00:00:00","2024-01-01 00:00:00","0"
"43","5","神经网络","1","zh","","lesson-stories/zh/ai_03.json","2024-01-01 00:00:00","2024-01-01 00:00:00","0"
"44","5","自然语言处理","1","zh","","lesson-stories/zh/ai_04.json","2024-01-01 00:00:00","2024-01-01 00:00:00","0"
"45","5","图像识别AI","1","zh","","lesson-stories/zh/ai_05.json","2024-01-01 00:00:00","2024-01-01 00:00:00","0"
"46","5","使用ChatGPT","1","zh","","lesson-stories/zh/ai_06.json","2024-01-01 00:00:00","2024-01-01 00:00:00","0"
"47","5","AI伦理","1","zh","","lesson-stories/zh/ai_07.json","2024-01-01 00:00:00","2024-01-01 00:00:00","0"
"48","5","AI的未来","1","zh","","lesson-stories/zh/ai_08.json","2024-01-01 00:00:00","2024-01-01 00:00:00","0"
"49","5","用AI能做什么?","1","zh","","lesson-stories/zh/ai_09.json","2024-01-01 00:00:00","2024-01-01 00:00:00","0"
"50","5","开始AI项目","1","zh","","lesson-stories/zh/ai_10.json","2024-01-01 00:00:00","2024-01-01 00:00:00","0"
"51","6","AI के हो?","1","ne","","lesson-stories/ne/ai_01.json","2024-01-01 00:00:00","2024-01-01 00:00:00","0"
"52","6","मशीन लर्निङको आधार","1","ne","","lesson-stories/ne/ai_02.json","2024-01-01 00:00:00","2024-01-01 00:00:00","0"
"53","6","न्युरल नेटवर्क","1","ne","","lesson-stories/ne/ai_03.json","2024-01-01 00:00:00","2024-01-01 00:00:00","0"
"54","6","प्राकृतिक भाषा प्रशोधन","1","ne","","lesson-stories/ne/ai_04.json","2024-01-01 00:00:00","2024-01-01 00:00:00","0"
"55","6","इमेज रिकग्निसन AI","1","ne","","lesson-stories/ne/ai_05.json","2024-01-01 00:00:00","2024-01-01 00:00:00","0"
"56","6","ChatGPT प्रयोग गरौं","1","ne","","lesson-stories/ne/ai_06.json","2024-01-01 00:00:00","2024-01-01 00:00:00","0"
"57","6","AI नैतिकता","1","ne","","lesson-stories/ne/ai_07.json","2024-01-01 00:00:00","2024-01-01 00:00:00","0"
"58","6","AIको भविष्य","1","ne","","lesson-stories/ne/ai_08.json","2024-01-01 00:00:00","2024-01-01 00:00:00","0"
"59","6","AI ले के बनाउन सकिन्छ?","1","ne","","lesson-stories/ne/ai_09.json","2024-01-01 00:00:00","2024-01-01 00:00:00","0"
"60","6","AI प्रोजेक्ट सुरु गरौं","1","ne","","lesson-stories/ne/ai_10.json","2024-01-01 00:00:00","2024-01-01 00:00:00","0"
"61","7","Pythonとは","1","ja","","lesson-stories/ja/python_01.json","2024-01-01 00:00:00","2024-01-01 00:00:00","0"
"62","7","変数とデータ型","1","ja","","lesson-stories/ja/python_02.json","2024-01-01 00:00:00","2024-01-01 00:00:00","0"
"63","7","条件分岐","1","ja","","lesson-stories/ja/python_03.json","2024-01-01 00:00:00","2024-01-01 00:00:00","0"
"64","7","ループ","1","ja","","lesson-stories/ja/python_04.json","2024-01-01 00:00:00","2024-01-01 00:00:00","0"
"65","7","関数","1","ja","","lesson-stories/ja/python_05.json","2024-01-01 00:00:00","2024-01-01 00:00:00","0"
"66","7","リストと辞書","1","ja","","lesson-stories/ja/python_06.json","2024-01-01 00:00:00","2024-01-01 00:00:00","0"
"67","7","ファイル操作","1","ja","","lesson-stories/ja/python_07.json","2024-01-01 00:00:00","2024-01-01 00:00:00","0"
"68","7","ライブラリの使い方","1","ja","","lesson-stories/ja/python_08.json","2024-01-01 00:00:00","2024-01-01 00:00:00","0"
"69","7","クラスとオブジェクト","1","ja","","lesson-stories/ja/python_09.json","2024-01-01 00:00:00","2024-01-01 00:00:00","0"
"70","7","Pythonプロジェクト","1","ja","","lesson-stories/ja/python_10.json","2024-01-01 00:00:00","2024-01-01 00:00:00","0"
"71","8","What is Python?","1","en","","lesson-stories/en/python_01.json","2024-01-01 00:00:00","2024-01-01 00:00:00","0"
"72","8","Variables & Data Types","1","en","","lesson-stories/en/python_02.json","2024-01-01 00:00:00","2024-01-01 00:00:00","0"
"73","8","Conditionals","1","en","","lesson-stories/en/python_03.json","2024-01-01 00:00:00","2024-01-01 00:00:00","0"
"74","8","Loops","1","en","","lesson-stories/en/python_04.json","2024-01-01 00:00:00","2024-01-01 00:00:00","0"
"75","8","Functions","1","en","","lesson-stories/en/python_05.json","2024-01-01 00:00:00","2024-01-01 00:00:00","0"
"76","8","Lists & Dictionaries","1","en","","lesson-stories/en/python_06.json","2024-01-01 00:00:00","2024-01-01 00:00:00","0"
"77","8","File Operations","1","en","","lesson-stories/en/python_07.json","2024-01-01 00:00:00","2024-01-01 00:00:00","0"
"78","8","Using Libraries","1","en","","lesson-stories/en/python_08.json","2024-01-01 00:00:00","2024-01-01 00:00:00","0"
"79","8","Classes & Objects","1","en","","lesson-stories/en/python_09.json","2024-01-01 00:00:00","2024-01-01 00:00:00","0"
"80","8","Python Projects","1","en","","lesson-stories/en/python_10.json","2024-01-01 00:00:00","2024-01-01 00:00:00","0"
"81","9","Apa itu Python?","1","id","","lesson-stories/id/python_01.json","2024-01-01 00:00:00","2024-01-01 00:00:00","0"
"82","9","Variabel & Tipe Data","1","id","","lesson-stories/id/python_02.json","2024-01-01 00:00:00","2024-01-01 00:00:00","0"
"83","9","Percabangan","1","id","","lesson-stories/id/python_03.json","2024-01-01 00:00:00","2024-01-01 00:00:00","0"
"84","9","Perulangan","1","id","","lesson-stories/id/python_04.json","2024-01-01 00:00:00","2024-01-01 00:00:00","0"
"85","9","Fungsi","1","id","","lesson-stories/id/python_05.json","2024-01-01 00:00:00","2024-01-01 00:00:00","0"
"86","9","List & Dictionary","1","id","","lesson-stories/id/python_06.json","2024-01-01 00:00:00","2024-01-01 00:00:00","0"
"87","9","Operasi File","1","id","","lesson-stories/id/python_07.json","2024-01-01 00:00:00","2024-01-01 00:00:00","0"
"88","9","Menggunakan Library","1","id","","lesson-stories/id/python_08.json","2024-01-01 00:00:00","2024-01-01 00:00:00","0"
"89","9","Class & Objek","1","id","","lesson-stories/id/python_09.json","2024-01-01 00:00:00","2024-01-01 00:00:00","0"
"90","9","Proyek Python","1","id","","lesson-stories/id/python_10.json","2024-01-01 00:00:00","2024-01-01 00:00:00","0"
"91","10","Python là gì?","1","vi","","lesson-stories/vi/python_01.json","2024-01-01 00:00:00","2024-01-01 00:00:00","0"
"92","10","Biến & Kiểu dữ liệu","1","vi","","lesson-stories/vi/python_02.json","2024-01-01 00:00:00","2024-01-01 00:00:00","0"
"93","10","Điều kiện","1","vi","","lesson-stories/vi/python_03.json","2024-01-01 00:00:00","2024-01-01 00:00:00","0"
"94","10","Vòng lặp","1","vi","","lesson-stories/vi/python_04.json","2024-01-01 00:00:00","2024-01-01 00:00:00","0"
"95","10","Hàm","1","vi","","lesson-stories/vi/python_05.json","2024-01-01 00:00:00","2024-01-01 00:00:00","0"
"96","10","List & Dictionary","1","vi","","lesson-stories/vi/python_06.json","2024-01-01 00:00:00","2024-01-01 00:00:00","0"
"97","10","Thao tác File","1","vi","","lesson-stories/vi/python_07.json","2024-01-01 00:00:00","2024-01-01 00:00:00","0"
"98","10","Dùng Thư viện","1","vi","","lesson-stories/vi/python_08.json","2024-01-01 00:00:00","2024-01-01 00:00:00","0"
"99","10","Class & Đối tượng","1","vi","","lesson-stories/vi/python_09.json","2024-01-01 00:00:00","2024-01-01 00:00:00","0"
"100","10","Dự án Python","1","vi","","lesson-stories/vi/python_10.json","2024-01-01 00:00:00","2024-01-01 00:00:00","0"
"101","11","什么是Python?","1","zh","","lesson-stories/zh/python_01.json","2024-01-01 00:00:00","2024-01-01 00:00:00","0"
"102","11","变量和数据类型","1","zh","","lesson-stories/zh/python_02.json","2024-01-01 00:00:00","2024-01-01 00:00:00","0"
"103","11","条件语句","1","zh","","lesson-stories/zh/python_03.json","2024-01-01 00:00:00","2024-01-01 00:00:00","0"
"104","11","循环","1","zh","","lesson-stories/zh/python_04.json","2024-01-01 00:00:00","2024-01-01 00:00:00","0"
"105","11","函数","1","zh","","lesson-stories/zh/python_05.json","2024-01-01 00:00:00","2024-01-01 00:00:00","0"
"106","11","列表和字典","1","zh","","lesson-stories/zh/python_06.json","2024-01-01 00:00:00","2024-01-01 00:00:00","0"
"107","11","文件操作","1","zh","","lesson-stories/zh/python_07.json","2024-01-01 00:00:00","2024-01-01 00:00:00","0"
"108","11","使用库","1","zh","","lesson-stories/zh/python_08.json","2024-01-01 00:00:00","2024-01-01 00:00:00","0"
"109","11","类和对象","1","zh","","lesson-stories/zh/python_09.json","2024-01-01 00:00:00","2024-01-01 00:00:00","0"
"110","11","Python项目","1","zh","","lesson-stories/zh/python_10.json","2024-01-01 00:00:00","2024-01-01 00:00:00","0"
"111","12","Python के हो?","1","ne","","lesson-stories/ne/python_01.json","2024-01-01 00:00:00","2024-01-01 00:00:00","0"
"112","12","भेरिएबल र डेटा टाइप","1","ne","","lesson-stories/ne/python_02.json","2024-01-01 00:00:00","2024-01-01 00:00:00","0"
"113","12","सर्त","1","ne","","lesson-stories/ne/python_03.json","2024-01-01 00:00:00","2024-01-01 00:00:00","0"
"114","12","लुप","1","ne","","lesson-stories/ne/python_04.json","2024-01-01 00:00:00","2024-01-01 00:00:00","0"
"115","12","फंक्सन","1","ne","","lesson-stories/ne/python_05.json","2024-01-01 00:00:00","2024-01-01 00:00:00","0"
"116","12","लिस्ट र डिक्सनरी","1","ne","","lesson-stories/ne/python_06.json","2024-01-01 00:00:00","2024-01-01 00:00:00","0"
"117","12","फाइल अपरेसन","1","ne","","lesson-stories/ne/python_07.json","2024-01-01 00:00:00","2024-01-01 00:00:00","0"
"118","12","लाइब्रेरी","1","ne","","lesson-stories/ne/python_08.json","2024-01-01 00:00:00","2024-01-01 00:00:00","0"
"119","12","क्लास र अब्जेक्ट","1","ne","","lesson-stories/ne/python_09.json","2024-01-01 00:00:00","2024-01-01 00:00:00","0"
"120","12","Python प्रोजेक्ट","1","ne","","lesson-stories/ne/python_10.json","2024-01-01 00:00:00","2024-01-01 00:00:00","0"
"121","13","JavaScriptとは","1","ja","","lesson-stories/ja/javascript_01.json","2024-01-01 00:00:00","2024-01-01 00:00:00","0"
"122","13","変数とデータ型","1","ja","","lesson-stories/ja/javascript_02.json","2024-01-01 00:00:00","2024-01-01 00:00:00","0"
"123","13","関数とスコープ","1","ja","","lesson-stories/ja/javascript_03.json","2024-01-01 00:00:00","2024-01-01 00:00:00","0"
"124","13","DOM操作","1","ja","","lesson-stories/ja/javascript_04.json","2024-01-01 00:00:00","2024-01-01 00:00:00","0"
"125","13","イベント処理","1","ja","","lesson-stories/ja/javascript_05.json","2024-01-01 00:00:00","2024-01-01 00:00:00","0"
"126","13","非同期処理","1","ja","","lesson-stories/ja/javascript_06.json","2024-01-01 00:00:00","2024-01-01 00:00:00","0"
"127","13","配列とオブジェクト","1","ja","","lesson-stories/ja/javascript_07.json","2024-01-01 00:00:00","2024-01-01 00:00:00","0"
"128","13","APIとフェッチ","1","ja","","lesson-stories/ja/javascript_08.json","2024-01-01 00:00:00","2024-01-01 00:00:00","0"
"129","13","ReactとVue","1","ja","","lesson-stories/ja/javascript_09.json","2024-01-01 00:00:00","2024-01-01 00:00:00","0"
"130","13","JSプロジェクト","1","ja","","lesson-stories/ja/javascript_10.json","2024-01-01 00:00:00","2024-01-01 00:00:00","0"
"131","14","What is JavaScript?","1","en","","lesson-stories/en/javascript_01.json","2024-01-01 00:00:00","2024-01-01 00:00:00","0"
"132","14","Variables & Data Types","1","en","","lesson-stories/en/javascript_02.json","2024-01-01 00:00:00","2024-01-01 00:00:00","0"
"133","14","Functions & Scope","1","en","","lesson-stories/en/javascript_03.json","2024-01-01 00:00:00","2024-01-01 00:00:00","0"
"134","14","DOM Manipulation","1","en","","lesson-stories/en/javascript_04.json","2024-01-01 00:00:00","2024-01-01 00:00:00","0"
"135","14","Event Handling","1","en","","lesson-stories/en/javascript_05.json","2024-01-01 00:00:00","2024-01-01 00:00:00","0"
"136","14","Async Programming","1","en","","lesson-stories/en/javascript_06.json","2024-01-01 00:00:00","2024-01-01 00:00:00","0"
"137","14","Arrays & Objects","1","en","","lesson-stories/en/javascript_07.json","2024-01-01 00:00:00","2024-01-01 00:00:00","0"
"138","14","APIs & Fetch","1","en","","lesson-stories/en/javascript_08.json","2024-01-01 00:00:00","2024-01-01 00:00:00","0"
"139","14","React & Vue","1","en","","lesson-stories/en/javascript_09.json","2024-01-01 00:00:00","2024-01-01 00:00:00","0"
"140","14","JS Projects","1","en","","lesson-stories/en/javascript_10.json","2024-01-01 00:00:00","2024-01-01 00:00:00","0"
"141","15","Apa itu JavaScript?","1","id","","lesson-stories/id/javascript_01.json","2024-01-01 00:00:00","2024-01-01 00:00:00","0"
"142","15","Variabel & Tipe Data","1","id","","lesson-stories/id/javascript_02.json","2024-01-01 00:00:00","2024-01-01 00:00:00","0"
"143","15","Fungsi & Scope","1","id","","lesson-stories/id/javascript_03.json","2024-01-01 00:00:00","2024-01-01 00:00:00","0"
"144","15","Manipulasi DOM","1","id","","lesson-stories/id/javascript_04.json","2024-01-01 00:00:00","2024-01-01 00:00:00","0"
"145","15","Event Handling","1","id","","lesson-stories/id/javascript_05.json","2024-01-01 00:00:00","2024-01-01 00:00:00","0"
"146","15","Pemrograman Async","1","id","","lesson-stories/id/javascript_06.json","2024-01-01 00:00:00","2024-01-01 00:00:00","0"
"147","15","Array & Objek","1","id","","lesson-stories/id/javascript_07.json","2024-01-01 00:00:00","2024-01-01 00:00:00","0"
"148","15","API & Fetch","1","id","","lesson-stories/id/javascript_08.json","2024-01-01 00:00:00","2024-01-01 00:00:00","0"
"149","15","React & Vue","1","id","","lesson-stories/id/javascript_09.json","2024-01-01 00:00:00","2024-01-01 00:00:00","0"
"150","15","Proyek JS","1","id","","lesson-stories/id/javascript_10.json","2024-01-01 00:00:00","2024-01-01 00:00:00","0"
"151","16","JavaScript là gì?","1","vi","","lesson-stories/vi/javascript_01.json","2024-01-01 00:00:00","2024-01-01 00:00:00","0"
"152","16","Biến & Kiểu dữ liệu","1","vi","","lesson-stories/vi/javascript_02.json","2024-01-01 00:00:00","2024-01-01 00:00:00","0"
"153","16","Hàm & Scope","1","vi","","lesson-stories/vi/javascript_03.json","2024-01-01 00:00:00","2024-01-01 00:00:00","0"
"154","16","Thao tác DOM","1","vi","","lesson-stories/vi/javascript_04.json","2024-01-01 00:00:00","2024-01-01 00:00:00","0"
"155","16","Xử lý Sự kiện","1","vi","","lesson-stories/vi/javascript_05.json","2024-01-01 00:00:00","2024-01-01 00:00:00","0"
"156","16","Lập trình Async","1","vi","","lesson-stories/vi/javascript_06.json","2024-01-01 00:00:00","2024-01-01 00:00:00","0"
"157","16","Mảng & Đối tượng","1","vi","","lesson-stories/vi/javascript_07.json","2024-01-01 00:00:00","2024-01-01 00:00:00","0"
"158","16","API & Fetch","1","vi","","lesson-stories/vi/javascript_08.json","2024-01-01 00:00:00","2024-01-01 00:00:00","0"
"159","16","React & Vue","1","vi","","lesson-stories/vi/javascript_09.json","2024-01-01 00:00:00","2024-01-01 00:00:00","0"
"160","16","Dự án JS","1","vi","","lesson-stories/vi/javascript_10.json","2024-01-01 00:00:00","2024-01-01 00:00:00","0"
"161","17","什么是JavaScript?","1","zh","","lesson-stories/zh/javascript_01.json","2024-01-01 00:00:00","2024-01-01 00:00:00","0"
"162","17","变量和数据类型","1","zh","","lesson-stories/zh/javascript_02.json","2024-01-01 00:00:00","2024-01-01 00:00:00","0"
"163","17","函数与作用域","1","zh","","lesson-stories/zh/javascript_03.json","2024-01-01 00:00:00","2024-01-01 00:00:00","0"
"164","17","DOM操作","1","zh","","lesson-stories/zh/javascript_04.json","2024-01-01 00:00:00","2024-01-01 00:00:00","0"
"165","17","事件处理","1","zh","","lesson-stories/zh/javascript_05.json","2024-01-01 00:00:00","2024-01-01 00:00:00","0"
"166","17","异步编程","1","zh","","lesson-stories/zh/javascript_06.json","2024-01-01 00:00:00","2024-01-01 00:00:00","0"
"167","17","数组和对象","1","zh","","lesson-stories/zh/javascript_07.json","2024-01-01 00:00:00","2024-01-01 00:00:00","0"
"168","17","API和Fetch","1","zh","","lesson-stories/zh/javascript_08.json","2024-01-01 00:00:00","2024-01-01 00:00:00","0"
"169","17","React与Vue","1","zh","","lesson-stories/zh/javascript_09.json","2024-01-01 00:00:00","2024-01-01 00:00:00","0"
"170","17","JS项目","1","zh","","lesson-stories/zh/javascript_10.json","2024-01-01 00:00:00","2024-01-01 00:00:00","0"
"171","18","JavaScript के हो?","1","ne","","lesson-stories/ne/javascript_01.json","2024-01-01 00:00:00","2024-01-01 00:00:00","0"
"172","18","भेरिएबल र डेटा टाइप","1","ne","","lesson-stories/ne/javascript_02.json","2024-01-01 00:00:00","2024-01-01 00:00:00","0"
"173","18","फंक्सन र स्कोप","1","ne","","lesson-stories/ne/javascript_03.json","2024-01-01 00:00:00","2024-01-01 00:00:00","0"
"174","18","DOM म्यानिपुलेसन","1","ne","","lesson-stories/ne/javascript_04.json","2024-01-01 00:00:00","2024-01-01 00:00:00","0"
"175","18","इभेन्ट ह्यान्डलिङ","1","ne","","lesson-stories/ne/javascript_05.json","2024-01-01 00:00:00","2024-01-01 00:00:00","0"
"176","18","असिन्क्रोनस प्रोग्रामिङ","1","ne","","lesson-stories/ne/javascript_06.json","2024-01-01 00:00:00","2024-01-01 00:00:00","0"
"177","18","एरे र अब्जेक्ट","1","ne","","lesson-stories/ne/javascript_07.json","2024-01-01 00:00:00","2024-01-01 00:00:00","0"
"178","18","API र Fetch","1","ne","","lesson-stories/ne/javascript_08.json","2024-01-01 00:00:00","2024-01-01 00:00:00","0"
"179","18","React र Vue","1","ne","","lesson-stories/ne/javascript_09.json","2024-01-01 00:00:00","2024-01-01 00:00:00","0"
"180","18","JS प्रोजेक्ट","1","ne","","lesson-stories/ne/javascript_10.json","2024-01-01 00:00:00","2024-01-01 00:00:00","0"
"181","19","足し算と引き算","1","ja","","lesson-stories/ja/math_01.json","2024-01-01 00:00:00","2024-01-01 00:00:00","0"
"182","19","掛け算と割り算","1","ja","","lesson-stories/ja/math_02.json","2024-01-01 00:00:00","2024-01-01 00:00:00","0"
"183","19","分数と小数","1","ja","","lesson-stories/ja/math_03.json","2024-01-01 00:00:00","2024-01-01 00:00:00","0"
"184","19","パーセント","1","ja","","lesson-stories/ja/math_04.json","2024-01-01 00:00:00","2024-01-01 00:00:00","0"
"185","19","図形","1","ja","","lesson-stories/ja/math_05.json","2024-01-01 00:00:00","2024-01-01 00:00:00","0"
"186","19","面積と体積","1","ja","","lesson-stories/ja/math_06.json","2024-01-01 00:00:00","2024-01-01 00:00:00","0"
"187","19","確率","1","ja","","lesson-stories/ja/math_07.json","2024-01-01 00:00:00","2024-01-01 00:00:00","0"
"188","19","統計","1","ja","","lesson-stories/ja/math_08.json","2024-01-01 00:00:00","2024-01-01 00:00:00","0"
"189","19","代数","1","ja","","lesson-stories/ja/math_09.json","2024-01-01 00:00:00","2024-01-01 00:00:00","0"
"190","19","数学の応用","1","ja","","lesson-stories/ja/math_10.json","2024-01-01 00:00:00","2024-01-01 00:00:00","0"
"191","20","Addition & Subtraction","1","en","","lesson-stories/en/math_01.json","2024-01-01 00:00:00","2024-01-01 00:00:00","0"
"192","20","Multiplication & Division","1","en","","lesson-stories/en/math_02.json","2024-01-01 00:00:00","2024-01-01 00:00:00","0"
"193","20","Fractions & Decimals","1","en","","lesson-stories/en/math_03.json","2024-01-01 00:00:00","2024-01-01 00:00:00","0"
"194","20","Percentages","1","en","","lesson-stories/en/math_04.json","2024-01-01 00:00:00","2024-01-01 00:00:00","0"
"195","20","Geometry","1","en","","lesson-stories/en/math_05.json","2024-01-01 00:00:00","2024-01-01 00:00:00","0"
"196","20","Area & Volume","1","en","","lesson-stories/en/math_06.json","2024-01-01 00:00:00","2024-01-01 00:00:00","0"
"197","20","Probability","1","en","","lesson-stories/en/math_07.json","2024-01-01 00:00:00","2024-01-01 00:00:00","0"
"198","20","Statistics","1","en","","lesson-stories/en/math_08.json","2024-01-01 00:00:00","2024-01-01 00:00:00","0"
"199","20","Algebra","1","en","","lesson-stories/en/math_09.json","2024-01-01 00:00:00","2024-01-01 00:00:00","0"
"200","20","Applied Math","1","en","","lesson-stories/en/math_10.json","2024-01-01 00:00:00","2024-01-01 00:00:00","0"
"201","21","Penjumlahan & Pengurangan","1","id","","lesson-stories/id/math_01.json","2024-01-01 00:00:00","2024-01-01 00:00:00","0"
"202","21","Perkalian & Pembagian","1","id","","lesson-stories/id/math_02.json","2024-01-01 00:00:00","2024-01-01 00:00:00","0"
"203","21","Pecahan & Desimal","1","id","","lesson-stories/id/math_03.json","2024-01-01 00:00:00","2024-01-01 00:00:00","0"
"204","21","Persentase","1","id","","lesson-stories/id/math_04.json","2024-01-01 00:00:00","2024-01-01 00:00:00","0"
"205","21","Geometri","1","id","","lesson-stories/id/math_05.json","2024-01-01 00:00:00","2024-01-01 00:00:00","0"
"206","21","Luas & Volume","1","id","","lesson-stories/id/math_06.json","2024-01-01 00:00:00","2024-01-01 00:00:00","0"
"207","21","Probabilitas","1","id","","lesson-stories/id/math_07.json","2024-01-01 00:00:00","2024-01-01 00:00:00","0"
"208","21","Statistik","1","id","","lesson-stories/id/math_08.json","2024-01-01 00:00:00","2024-01-01 00:00:00","0"
"209","21","Aljabar","1","id","","lesson-stories/id/math_09.json","2024-01-01 00:00:00","2024-01-01 00:00:00","0"
"210","21","Matematika Terapan","1","id","","lesson-stories/id/math_10.json","2024-01-01 00:00:00","2024-01-01 00:00:00","0"
"211","22","Cộng & Trừ","1","vi","","lesson-stories/vi/math_01.json","2024-01-01 00:00:00","2024-01-01 00:00:00","0"
"212","22","Nhân & Chia","1","vi","","lesson-stories/vi/math_02.json","2024-01-01 00:00:00","2024-01-01 00:00:00","0"
"213","22","Phân số & Số thập phân","1","vi","","lesson-stories/vi/math_03.json","2024-01-01 00:00:00","2024-01-01 00:00:00","0"
"214","22","Phần trăm","1","vi","","lesson-stories/vi/math_04.json","2024-01-01 00:00:00","2024-01-01 00:00:00","0"
"215","22","Hình học","1","vi","","lesson-stories/vi/math_05.json","2024-01-01 00:00:00","2024-01-01 00:00:00","0"
"216","22","Diện tích & Thể tích","1","vi","","lesson-stories/vi/math_06.json","2024-01-01 00:00:00","2024-01-01 00:00:00","0"
"217","22","Xác suất","1","vi","","lesson-stories/vi/math_07.json","2024-01-01 00:00:00","2024-01-01 00:00:00","0"
"218","22","Thống kê","1","vi","","lesson-stories/vi/math_08.json","2024-01-01 00:00:00","2024-01-01 00:00:00","0"
"219","22","Đại số","1","vi","","lesson-stories/vi/math_09.json","2024-01-01 00:00:00","2024-01-01 00:00:00","0"
"220","22","Toán ứng dụng","1","vi","","lesson-stories/vi/math_10.json","2024-01-01 00:00:00","2024-01-01 00:00:00","0"
"221","23","加法与减法","1","zh","","lesson-stories/zh/math_01.json","2024-01-01 00:00:00","2024-01-01 00:00:00","0"
"222","23","乘法与除法","1","zh","","lesson-stories/zh/math_02.json","2024-01-01 00:00:00","2024-01-01 00:00:00","0"
"223","23","分数与小数","1","zh","","lesson-stories/zh/math_03.json","2024-01-01 00:00:00","2024-01-01 00:00:00","0"
"224","23","百分比","1","zh","","lesson-stories/zh/math_04.json","2024-01-01 00:00:00","2024-01-01 00:00:00","0"
"225","23","几何","1","zh","","lesson-stories/zh/math_05.json","2024-01-01 00:00:00","2024-01-01 00:00:00","0"
"226","23","面积与体积","1","zh","","lesson-stories/zh/math_06.json","2024-01-01 00:00:00","2024-01-01 00:00:00","0"
"227","23","概率","1","zh","","lesson-stories/zh/math_07.json","2024-01-01 00:00:00","2024-01-01 00:00:00","0"
"228","23","统计学","1","zh","","lesson-stories/zh/math_08.json","2024-01-01 00:00:00","2024-01-01 00:00:00","0"
"229","23","代数","1","zh","","lesson-stories/zh/math_09.json","2024-01-01 00:00:00","2024-01-01 00:00:00","0"
"230","23","数学应用","1","zh","","lesson-stories/zh/math_10.json","2024-01-01 00:00:00","2024-01-01 00:00:00","0"
"231","24","जोड र घटाउ","1","ne","","lesson-stories/ne/math_01.json","2024-01-01 00:00:00","2024-01-01 00:00:00","0"
"232","24","गुणन र भाग","1","ne","","lesson-stories/ne/math_02.json","2024-01-01 00:00:00","2024-01-01 00:00:00","0"
"233","24","भिन्न र दशमलव","1","ne","","lesson-stories/ne/math_03.json","2024-01-01 00:00:00","2024-01-01 00:00:00","0"
"234","24","प्रतिशत","1","ne","","lesson-stories/ne/math_04.json","2024-01-01 00:00:00","2024-01-01 00:00:00","0"
"235","24","ज्यामिति","1","ne","","lesson-stories/ne/math_05.json","2024-01-01 00:00:00","2024-01-01 00:00:00","0"
"236","24","क्षेत्रफल र आयतन","1","ne","","lesson-stories/ne/math_06.json","2024-01-01 00:00:00","2024-01-01 00:00:00","0"
"237","24","सम्भाव्यता","1","ne","","lesson-stories/ne/math_07.json","2024-01-01 00:00:00","2024-01-01 00:00:00","0"
"238","24","तथ्यांक","1","ne","","lesson-stories/ne/math_08.json","2024-01-01 00:00:00","2024-01-01 00:00:00","0"
"239","24","बीजगणित","1","ne","","lesson-stories/ne/math_09.json","2024-01-01 00:00:00","2024-01-01 00:00:00","0"
"240","24","गणितको प्रयोग","1","ne","","lesson-stories/ne/math_10.json","2024-01-01 00:00:00","2024-01-01 00:00:00","0"
"241","25","ゲーム開発とは","1","ja","","lesson-stories/ja/game_01.json","2024-01-01 00:00:00","2024-01-01 00:00:00","0"
"242","25","ゲームループ","1","ja","","lesson-stories/ja/game_02.json","2024-01-01 00:00:00","2024-01-01 00:00:00","0"
"243","25","プレイヤー入力","1","ja","","lesson-stories/ja/game_03.json","2024-01-01 00:00:00","2024-01-01 00:00:00","0"
"244","25","スプライトとアニメーション","1","ja","","lesson-stories/ja/game_04.json","2024-01-01 00:00:00","2024-01-01 00:00:00","0"
"245","25","物理演算","1","ja","","lesson-stories/ja/game_05.json","2024-01-01 00:00:00","2024-01-01 00:00:00","0"
"246","25","サウンドデザイン","1","ja","","lesson-stories/ja/game_06.json","2024-01-01 00:00:00","2024-01-01 00:00:00","0"
"247","25","ゲームUIデザイン","1","ja","","lesson-stories/ja/game_07.json","2024-01-01 00:00:00","2024-01-01 00:00:00","0"
"248","25","AIとゲーム","1","ja","","lesson-stories/ja/game_08.json","2024-01-01 00:00:00","2024-01-01 00:00:00","0"
"249","25","マルチプレイヤー","1","ja","","lesson-stories/ja/game_09.json","2024-01-01 00:00:00","2024-01-01 00:00:00","0"
"250","25","自分のゲームを作ろう","1","ja","","lesson-stories/ja/game_10.json","2024-01-01 00:00:00","2024-01-01 00:00:00","0"
"251","26","What is Game Dev?","1","en","","lesson-stories/en/game_01.json","2024-01-01 00:00:00","2024-01-01 00:00:00","0"
"252","26","The Game Loop","1","en","","lesson-stories/en/game_02.json","2024-01-01 00:00:00","2024-01-01 00:00:00","0"
"253","26","Player Input","1","en","","lesson-stories/en/game_03.json","2024-01-01 00:00:00","2024-01-01 00:00:00","0"
"254","26","Sprites & Animation","1","en","","lesson-stories/en/game_04.json","2024-01-01 00:00:00","2024-01-01 00:00:00","0"
"255","26","Game Physics","1","en","","lesson-stories/en/game_05.json","2024-01-01 00:00:00","2024-01-01 00:00:00","0"
"256","26","Sound Design","1","en","","lesson-stories/en/game_06.json","2024-01-01 00:00:00","2024-01-01 00:00:00","0"
"257","26","Game UI Design","1","en","","lesson-stories/en/game_07.json","2024-01-01 00:00:00","2024-01-01 00:00:00","0"
"258","26","AI in Games","1","en","","lesson-stories/en/game_08.json","2024-01-01 00:00:00","2024-01-01 00:00:00","0"
"259","26","Multiplayer Systems","1","en","","lesson-stories/en/game_09.json","2024-01-01 00:00:00","2024-01-01 00:00:00","0"
"260","26","Build Your Game","1","en","","lesson-stories/en/game_10.json","2024-01-01 00:00:00","2024-01-01 00:00:00","0"
"261","27","Apa itu Game Dev?","1","id","","lesson-stories/id/game_01.json","2024-01-01 00:00:00","2024-01-01 00:00:00","0"
"262","27","Game Loop","1","id","","lesson-stories/id/game_02.json","2024-01-01 00:00:00","2024-01-01 00:00:00","0"
"263","27","Input Pemain","1","id","","lesson-stories/id/game_03.json","2024-01-01 00:00:00","2024-01-01 00:00:00","0"
"264","27","Sprite & Animasi","1","id","","lesson-stories/id/game_04.json","2024-01-01 00:00:00","2024-01-01 00:00:00","0"
"265","27","Fisika Game","1","id","","lesson-stories/id/game_05.json","2024-01-01 00:00:00","2024-01-01 00:00:00","0"
"266","27","Desain Suara","1","id","","lesson-stories/id/game_06.json","2024-01-01 00:00:00","2024-01-01 00:00:00","0"
"267","27","Desain UI Game","1","id","","lesson-stories/id/game_07.json","2024-01-01 00:00:00","2024-01-01 00:00:00","0"
"268","27","AI dalam Game","1","id","","lesson-stories/id/game_08.json","2024-01-01 00:00:00","2024-01-01 00:00:00","0"
"269","27","Sistem Multiplayer","1","id","","lesson-stories/id/game_09.json","2024-01-01 00:00:00","2024-01-01 00:00:00","0"
"270","27","Buat Game Sendiri","1","id","","lesson-stories/id/game_10.json","2024-01-01 00:00:00","2024-01-01 00:00:00","0"
"271","28","Game Dev là gì?","1","vi","","lesson-stories/vi/game_01.json","2024-01-01 00:00:00","2024-01-01 00:00:00","0"
"272","28","Vòng lặp Game","1","vi","","lesson-stories/vi/game_02.json","2024-01-01 00:00:00","2024-01-01 00:00:00","0"
"273","28","Input Người chơi","1","vi","","lesson-stories/vi/game_03.json","2024-01-01 00:00:00","2024-01-01 00:00:00","0"
"274","28","Sprite & Animation","1","vi","","lesson-stories/vi/game_04.json","2024-01-01 00:00:00","2024-01-01 00:00:00","0"
"275","28","Vật lý Game","1","vi","","lesson-stories/vi/game_05.json","2024-01-01 00:00:00","2024-01-01 00:00:00","0"
"276","28","Thiết kế Âm thanh","1","vi","","lesson-stories/vi/game_06.json","2024-01-01 00:00:00","2024-01-01 00:00:00","0"
"277","28","UI Game","1","vi","","lesson-stories/vi/game_07.json","2024-01-01 00:00:00","2024-01-01 00:00:00","0"
"278","28","AI trong Game","1","vi","","lesson-stories/vi/game_08.json","2024-01-01 00:00:00","2024-01-01 00:00:00","0"
"279","28","Multiplayer","1","vi","","lesson-stories/vi/game_09.json","2024-01-01 00:00:00","2024-01-01 00:00:00","0"
"280","28","Tạo Game của bạn","1","vi","","lesson-stories/vi/game_10.json","2024-01-01 00:00:00","2024-01-01 00:00:00","0"
"281","29","什么是游戏开发?","1","zh","","lesson-stories/zh/game_01.json","2024-01-01 00:00:00","2024-01-01 00:00:00","0"
"282","29","游戏循环","1","zh","","lesson-stories/zh/game_02.json","2024-01-01 00:00:00","2024-01-01 00:00:00","0"
"283","29","玩家输入","1","zh","","lesson-stories/zh/game_03.json","2024-01-01 00:00:00","2024-01-01 00:00:00","0"
"284","29","精灵与动画","1","zh","","lesson-stories/zh/game_04.json","2024-01-01 00:00:00","2024-01-01 00:00:00","0"
"285","29","游戏物理","1","zh","","lesson-stories/zh/game_05.json","2024-01-01 00:00:00","2024-01-01 00:00:00","0"
"286","29","音效设计","1","zh","","lesson-stories/zh/game_06.json","2024-01-01 00:00:00","2024-01-01 00:00:00","0"
"287","29","游戏UI设计","1","zh","","lesson-stories/zh/game_07.json","2024-01-01 00:00:00","2024-01-01 00:00:00","0"
"288","29","游戏中的AI","1","zh","","lesson-stories/zh/game_08.json","2024-01-01 00:00:00","2024-01-01 00:00:00","0"
"289","29","多人游戏系统","1","zh","","lesson-stories/zh/game_09.json","2024-01-01 00:00:00","2024-01-01 00:00:00","0"
"290","29","创建你的游戏","1","zh","","lesson-stories/zh/game_10.json","2024-01-01 00:00:00","2024-01-01 00:00:00","0"
"291","30","गेम डेभलपमेन्ट के हो?","1","ne","","lesson-stories/ne/game_01.json","2024-01-01 00:00:00","2024-01-01 00:00:00","0"
"292","30","गेम लुप","1","ne","","lesson-stories/ne/game_02.json","2024-01-01 00:00:00","2024-01-01 00:00:00","0"
"293","30","प्लेयर इनपुट","1","ne","","lesson-stories/ne/game_03.json","2024-01-01 00:00:00","2024-01-01 00:00:00","0"
"294","30","स्प्राइट र एनिमेसन","1","ne","","lesson-stories/ne/game_04.json","2024-01-01 00:00:00","2024-01-01 00:00:00","0"
"295","30","गेम फिजिक्स","1","ne","","lesson-stories/ne/game_05.json","2024-01-01 00:00:00","2024-01-01 00:00:00","0"
"296","30","साउन्ड डिजाइन","1","ne","","lesson-stories/ne/game_06.json","2024-01-01 00:00:00","2024-01-01 00:00:00","0"
"297","30","गेम UI डिजाइन","1","ne","","lesson-stories/ne/game_07.json","2024-01-01 00:00:00","2024-01-01 00:00:00","0"
"298","30","गेममा AI","1","ne","","lesson-stories/ne/game_08.json","2024-01-01 00:00:00","2024-01-01 00:00:00","0"
"299","30","मल्टिप्लेयर","1","ne","","lesson-stories/ne/game_09.json","2024-01-01 00:00:00","2024-01-01 00:00:00","0"
"300","30","आफ्नो गेम बनाउनुस्","1","ne","","lesson-stories/ne/game_10.json","2024-01-01 00:00:00","2024-01-01 00:00:00","0"
"301","31","ブランディングとは","1","ja","","lesson-stories/ja/branding_01.json","2024-01-01 00:00:00","2024-01-01 00:00:00","0"
"302","31","ロゴデザイン","1","ja","","lesson-stories/ja/branding_02.json","2024-01-01 00:00:00","2024-01-01 00:00:00","0"
"303","31","カラーパレット","1","ja","","lesson-stories/ja/branding_03.json","2024-01-01 00:00:00","2024-01-01 00:00:00","0"
"304","31","タイポグラフィ","1","ja","","lesson-stories/ja/branding_04.json","2024-01-01 00:00:00","2024-01-01 00:00:00","0"
"305","31","ブランドストーリー","1","ja","","lesson-stories/ja/branding_05.json","2024-01-01 00:00:00","2024-01-01 00:00:00","0"
"306","31","SNSブランディング","1","ja","","lesson-stories/ja/branding_06.json","2024-01-01 00:00:00","2024-01-01 00:00:00","0"
"307","31","コンテンツマーケティング","1","ja","","lesson-stories/ja/branding_07.json","2024-01-01 00:00:00","2024-01-01 00:00:00","0"
"308","31","ターゲット設定","1","ja","","lesson-stories/ja/branding_08.json","2024-01-01 00:00:00","2024-01-01 00:00:00","0"
"309","31","ブランドガイドライン","1","ja","","lesson-stories/ja/branding_09.json","2024-01-01 00:00:00","2024-01-01 00:00:00","0"
"310","31","ブランド戦略","1","ja","","lesson-stories/ja/branding_10.json","2024-01-01 00:00:00","2024-01-01 00:00:00","0"
"311","32","What is Branding?","1","en","","lesson-stories/en/branding_01.json","2024-01-01 00:00:00","2024-01-01 00:00:00","0"
"312","32","Logo Design","1","en","","lesson-stories/en/branding_02.json","2024-01-01 00:00:00","2024-01-01 00:00:00","0"
"313","32","Color Palette","1","en","","lesson-stories/en/branding_03.json","2024-01-01 00:00:00","2024-01-01 00:00:00","0"
"314","32","Typography","1","en","","lesson-stories/en/branding_04.json","2024-01-01 00:00:00","2024-01-01 00:00:00","0"
"315","32","Brand Story","1","en","","lesson-stories/en/branding_05.json","2024-01-01 00:00:00","2024-01-01 00:00:00","0"
"316","32","Social Media Branding","1","en","","lesson-stories/en/branding_06.json","2024-01-01 00:00:00","2024-01-01 00:00:00","0"
"317","32","Content Marketing","1","en","","lesson-stories/en/branding_07.json","2024-01-01 00:00:00","2024-01-01 00:00:00","0"
"318","32","Target Audience","1","en","","lesson-stories/en/branding_08.json","2024-01-01 00:00:00","2024-01-01 00:00:00","0"
"319","32","Brand Guidelines","1","en","","lesson-stories/en/branding_09.json","2024-01-01 00:00:00","2024-01-01 00:00:00","0"
"320","32","Brand Strategy","1","en","","lesson-stories/en/branding_10.json","2024-01-01 00:00:00","2024-01-01 00:00:00","0"
"321","33","Apa itu Branding?","1","id","","lesson-stories/id/branding_01.json","2024-01-01 00:00:00","2024-01-01 00:00:00","0"
"322","33","Desain Logo","1","id","","lesson-stories/id/branding_02.json","2024-01-01 00:00:00","2024-01-01 00:00:00","0"
"323","33","Palet Warna","1","id","","lesson-stories/id/branding_03.json","2024-01-01 00:00:00","2024-01-01 00:00:00","0"
"324","33","Tipografi","1","id","","lesson-stories/id/branding_04.json","2024-01-01 00:00:00","2024-01-01 00:00:00","0"
"325","33","Kisah Merek","1","id","","lesson-stories/id/branding_05.json","2024-01-01 00:00:00","2024-01-01 00:00:00","0"
"326","33","Branding Media Sosial","1","id","","lesson-stories/id/branding_06.json","2024-01-01 00:00:00","2024-01-01 00:00:00","0"
"327","33","Pemasaran Konten","1","id","","lesson-stories/id/branding_07.json","2024-01-01 00:00:00","2024-01-01 00:00:00","0"
"328","33","Target Audiens","1","id","","lesson-stories/id/branding_08.json","2024-01-01 00:00:00","2024-01-01 00:00:00","0"
"329","33","Panduan Merek","1","id","","lesson-stories/id/branding_09.json","2024-01-01 00:00:00","2024-01-01 00:00:00","0"
"330","33","Strategi Merek","1","id","","lesson-stories/id/branding_10.json","2024-01-01 00:00:00","2024-01-01 00:00:00","0"
"331","34","Branding là gì?","1","vi","","lesson-stories/vi/branding_01.json","2024-01-01 00:00:00","2024-01-01 00:00:00","0"
"332","34","Thiết kế Logo","1","vi","","lesson-stories/vi/branding_02.json","2024-01-01 00:00:00","2024-01-01 00:00:00","0"
"333","34","Bảng màu","1","vi","","lesson-stories/vi/branding_03.json","2024-01-01 00:00:00","2024-01-01 00:00:00","0"
"334","34","Typography","1","vi","","lesson-stories/vi/branding_04.json","2024-01-01 00:00:00","2024-01-01 00:00:00","0"
"335","34","Câu chuyện thương hiệu","1","vi","","lesson-stories/vi/branding_05.json","2024-01-01 00:00:00","2024-01-01 00:00:00","0"
"336","34","Branding mạng xã hội","1","vi","","lesson-stories/vi/branding_06.json","2024-01-01 00:00:00","2024-01-01 00:00:00","0"
"337","34","Marketing nội dung","1","vi","","lesson-stories/vi/branding_07.json","2024-01-01 00:00:00","2024-01-01 00:00:00","0"
"338","34","Đối tượng mục tiêu","1","vi","","lesson-stories/vi/branding_08.json","2024-01-01 00:00:00","2024-01-01 00:00:00","0"
"339","34","Hướng dẫn thương hiệu","1","vi","","lesson-stories/vi/branding_09.json","2024-01-01 00:00:00","2024-01-01 00:00:00","0"
"340","34","Chiến lược thương hiệu","1","vi","","lesson-stories/vi/branding_10.json","2024-01-01 00:00:00","2024-01-01 00:00:00","0"
"341","35","什么是品牌建设?","1","zh","","lesson-stories/zh/branding_01.json","2024-01-01 00:00:00","2024-01-01 00:00:00","0"
"342","35","Logo设计","1","zh","","lesson-stories/zh/branding_02.json","2024-01-01 00:00:00","2024-01-01 00:00:00","0"
"343","35","色彩搭配","1","zh","","lesson-stories/zh/branding_03.json","2024-01-01 00:00:00","2024-01-01 00:00:00","0"
"344","35","排版设计","1","zh","","lesson-stories/zh/branding_04.json","2024-01-01 00:00:00","2024-01-01 00:00:00","0"
"345","35","品牌故事","1","zh","","lesson-stories/zh/branding_05.json","2024-01-01 00:00:00","2024-01-01 00:00:00","0"
"346","35","社交媒体品牌","1","zh","","lesson-stories/zh/branding_06.json","2024-01-01 00:00:00","2024-01-01 00:00:00","0"
"347","35","内容营销","1","zh","","lesson-stories/zh/branding_07.json","2024-01-01 00:00:00","2024-01-01 00:00:00","0"
"348","35","目标受众","1","zh","","lesson-stories/zh/branding_08.json","2024-01-01 00:00:00","2024-01-01 00:00:00","0"
"349","35","品牌指南","1","zh","","lesson-stories/zh/branding_09.json","2024-01-01 00:00:00","2024-01-01 00:00:00","0"
"350","35","品牌战略","1","zh","","lesson-stories/zh/branding_10.json","2024-01-01 00:00:00","2024-01-01 00:00:00","0"
"351","36","ब्रान्डिङ के हो?","1","ne","","lesson-stories/ne/branding_01.json","2024-01-01 00:00:00","2024-01-01 00:00:00","0"
"352","36","लोगो डिजाइन","1","ne","","lesson-stories/ne/branding_02.json","2024-01-01 00:00:00","2024-01-01 00:00:00","0"
"353","36","रङ प्यालेट","1","ne","","lesson-stories/ne/branding_03.json","2024-01-01 00:00:00","2024-01-01 00:00:00","0"
"354","36","टाइपोग्राफी","1","ne","","lesson-stories/ne/branding_04.json","2024-01-01 00:00:00","2024-01-01 00:00:00","0"
"355","36","ब्रान्ड कथा","1","ne","","lesson-stories/ne/branding_05.json","2024-01-01 00:00:00","2024-01-01 00:00:00","0"
"356","36","सोशल मिडिया ब्रान्डिङ","1","ne","","lesson-stories/ne/branding_06.json","2024-01-01 00:00:00","2024-01-01 00:00:00","0"
"357","36","सामग्री मार्केटिङ","1","ne","","lesson-stories/ne/branding_07.json","2024-01-01 00:00:00","2024-01-01 00:00:00","0"
"358","36","लक्षित दर्शक","1","ne","","lesson-stories/ne/branding_08.json","2024-01-01 00:00:00","2024-01-01 00:00:00","0"
"359","36","ब्रान्ड दिशानिर्देश","1","ne","","lesson-stories/ne/branding_09.json","2024-01-01 00:00:00","2024-01-01 00:00:00","0"
"360","36","ब्रान्ड रणनीति","1","ne","","lesson-stories/ne/branding_10.json","2024-01-01 00:00:00","2024-01-01 00:00:00","0"
"361","37","サイバーセキュリティとは","1","ja","","lesson-stories/ja/cybersecurity_01.json","2024-01-01 00:00:00","2024-01-01 00:00:00","0"
"362","37","パスワード管理","1","ja","","lesson-stories/ja/cybersecurity_02.json","2024-01-01 00:00:00","2024-01-01 00:00:00","0"
"363","37","フィッシング詐欺","1","ja","","lesson-stories/ja/cybersecurity_03.json","2024-01-01 00:00:00","2024-01-01 00:00:00","0"
"364","37","暗号化の基礎","1","ja","","lesson-stories/ja/cybersecurity_04.json","2024-01-01 00:00:00","2024-01-01 00:00:00","0"
"365","37","ネットワークセキュリティ","1","ja","","lesson-stories/ja/cybersecurity_05.json","2024-01-01 00:00:00","2024-01-01 00:00:00","0"
"366","37","マルウェア対策","1","ja","","lesson-stories/ja/cybersecurity_06.json","2024-01-01 00:00:00","2024-01-01 00:00:00","0"
"367","37","脆弱性とは","1","ja","","lesson-stories/ja/cybersecurity_07.json","2024-01-01 00:00:00","2024-01-01 00:00:00","0"
"368","37","セキュリティのベストプラクティス","1","ja","","lesson-stories/ja/cybersecurity_08.json","2024-01-01 00:00:00","2024-01-01 00:00:00","0"
"369","37","倫理的ハッキング","1","ja","","lesson-stories/ja/cybersecurity_09.json","2024-01-01 00:00:00","2024-01-01 00:00:00","0"
"370","37","セキュリティキャリア","1","ja","","lesson-stories/ja/cybersecurity_10.json","2024-01-01 00:00:00","2024-01-01 00:00:00","0"
"371","38","What is Cyber Security?","1","en","","lesson-stories/en/cybersecurity_01.json","2024-01-01 00:00:00","2024-01-01 00:00:00","0"
"372","38","Password Management","1","en","","lesson-stories/en/cybersecurity_02.json","2024-01-01 00:00:00","2024-01-01 00:00:00","0"
"373","38","Phishing Attacks","1","en","","lesson-stories/en/cybersecurity_03.json","2024-01-01 00:00:00","2024-01-01 00:00:00","0"
"374","38","Encryption Basics","1","en","","lesson-stories/en/cybersecurity_04.json","2024-01-01 00:00:00","2024-01-01 00:00:00","0"
"375","38","Network Security","1","en","","lesson-stories/en/cybersecurity_05.json","2024-01-01 00:00:00","2024-01-01 00:00:00","0"
"376","38","Malware Defense","1","en","","lesson-stories/en/cybersecurity_06.json","2024-01-01 00:00:00","2024-01-01 00:00:00","0"
"377","38","Understanding Vulnerabilities","1","en","","lesson-stories/en/cybersecurity_07.json","2024-01-01 00:00:00","2024-01-01 00:00:00","0"
"378","38","Security Best Practices","1","en","","lesson-stories/en/cybersecurity_08.json","2024-01-01 00:00:00","2024-01-01 00:00:00","0"
"379","38","Ethical Hacking","1","en","","lesson-stories/en/cybersecurity_09.json","2024-01-01 00:00:00","2024-01-01 00:00:00","0"
"380","38","Security Career Paths","1","en","","lesson-stories/en/cybersecurity_10.json","2024-01-01 00:00:00","2024-01-01 00:00:00","0"
"381","39","Apa itu Keamanan Siber?","1","id","","lesson-stories/id/cybersecurity_01.json","2024-01-01 00:00:00","2024-01-01 00:00:00","0"
"382","39","Manajemen Kata Sandi","1","id","","lesson-stories/id/cybersecurity_02.json","2024-01-01 00:00:00","2024-01-01 00:00:00","0"
"383","39","Serangan Phishing","1","id","","lesson-stories/id/cybersecurity_03.json","2024-01-01 00:00:00","2024-01-01 00:00:00","0"
"384","39","Dasar Enkripsi","1","id","","lesson-stories/id/cybersecurity_04.json","2024-01-01 00:00:00","2024-01-01 00:00:00","0"
"385","39","Keamanan Jaringan","1","id","","lesson-stories/id/cybersecurity_05.json","2024-01-01 00:00:00","2024-01-01 00:00:00","0"
"386","39","Pertahanan Malware","1","id","","lesson-stories/id/cybersecurity_06.json","2024-01-01 00:00:00","2024-01-01 00:00:00","0"
"387","39","Kerentanan","1","id","","lesson-stories/id/cybersecurity_07.json","2024-01-01 00:00:00","2024-01-01 00:00:00","0"
"388","39","Praktik Terbaik Keamanan","1","id","","lesson-stories/id/cybersecurity_08.json","2024-01-01 00:00:00","2024-01-01 00:00:00","0"
"389","39","Hacking Etis","1","id","","lesson-stories/id/cybersecurity_09.json","2024-01-01 00:00:00","2024-01-01 00:00:00","0"
"390","39","Karir Keamanan","1","id","","lesson-stories/id/cybersecurity_10.json","2024-01-01 00:00:00","2024-01-01 00:00:00","0"
"391","40","Bảo mật mạng là gì?","1","vi","","lesson-stories/vi/cybersecurity_01.json","2024-01-01 00:00:00","2024-01-01 00:00:00","0"
"392","40","Quản lý mật khẩu","1","vi","","lesson-stories/vi/cybersecurity_02.json","2024-01-01 00:00:00","2024-01-01 00:00:00","0"
"393","40","Tấn công Phishing","1","vi","","lesson-stories/vi/cybersecurity_03.json","2024-01-01 00:00:00","2024-01-01 00:00:00","0"
"394","40","Cơ bản mã hóa","1","vi","","lesson-stories/vi/cybersecurity_04.json","2024-01-01 00:00:00","2024-01-01 00:00:00","0"
"395","40","Bảo mật mạng","1","vi","","lesson-stories/vi/cybersecurity_05.json","2024-01-01 00:00:00","2024-01-01 00:00:00","0"
"396","40","Phòng thủ Malware","1","vi","","lesson-stories/vi/cybersecurity_06.json","2024-01-01 00:00:00","2024-01-01 00:00:00","0"
"397","40","Lỗ hổng bảo mật","1","vi","","lesson-stories/vi/cybersecurity_07.json","2024-01-01 00:00:00","2024-01-01 00:00:00","0"
"398","40","Thực tiễn tốt nhất","1","vi","","lesson-stories/vi/cybersecurity_08.json","2024-01-01 00:00:00","2024-01-01 00:00:00","0"
"399","40","Hacking có đạo đức","1","vi","","lesson-stories/vi/cybersecurity_09.json","2024-01-01 00:00:00","2024-01-01 00:00:00","0"
"400","40","Sự nghiệp bảo mật","1","vi","","lesson-stories/vi/cybersecurity_10.json","2024-01-01 00:00:00","2024-01-01 00:00:00","0"
"401","41","什么是网络安全?","1","zh","","lesson-stories/zh/cybersecurity_01.json","2024-01-01 00:00:00","2024-01-01 00:00:00","0"
"402","41","密码管理","1","zh","","lesson-stories/zh/cybersecurity_02.json","2024-01-01 00:00:00","2024-01-01 00:00:00","0"
"403","41","网络钓鱼","1","zh","","lesson-stories/zh/cybersecurity_03.json","2024-01-01 00:00:00","2024-01-01 00:00:00","0"
"404","41","加密基础","1","zh","","lesson-stories/zh/cybersecurity_04.json","2024-01-01 00:00:00","2024-01-01 00:00:00","0"
"405","41","网络安全","1","zh","","lesson-stories/zh/cybersecurity_05.json","2024-01-01 00:00:00","2024-01-01 00:00:00","0"
"406","41","恶意软件防御","1","zh","","lesson-stories/zh/cybersecurity_06.json","2024-01-01 00:00:00","2024-01-01 00:00:00","0"
"407","41","漏洞","1","zh","","lesson-stories/zh/cybersecurity_07.json","2024-01-01 00:00:00","2024-01-01 00:00:00","0"
"408","41","安全最佳实践","1","zh","","lesson-stories/zh/cybersecurity_08.json","2024-01-01 00:00:00","2024-01-01 00:00:00","0"
"409","41","道德黑客","1","zh","","lesson-stories/zh/cybersecurity_09.json","2024-01-01 00:00:00","2024-01-01 00:00:00","0"
"410","41","安全职业","1","zh","","lesson-stories/zh/cybersecurity_10.json","2024-01-01 00:00:00","2024-01-01 00:00:00","0"
"411","42","साइबर सुरक्षा के हो?","1","ne","","lesson-stories/ne/cybersecurity_01.json","2024-01-01 00:00:00","2024-01-01 00:00:00","0"
"412","42","पासवर्ड व्यवस्थापन","1","ne","","lesson-stories/ne/cybersecurity_02.json","2024-01-01 00:00:00","2024-01-01 00:00:00","0"
"413","42","फिसिङ आक्रमण","1","ne","","lesson-stories/ne/cybersecurity_03.json","2024-01-01 00:00:00","2024-01-01 00:00:00","0"
"414","42","एन्क्रिप्सन","1","ne","","lesson-stories/ne/cybersecurity_04.json","2024-01-01 00:00:00","2024-01-01 00:00:00","0"
"415","42","नेटवर्क सुरक्षा","1","ne","","lesson-stories/ne/cybersecurity_05.json","2024-01-01 00:00:00","2024-01-01 00:00:00","0"
"416","42","मालवेयर","1","ne","","lesson-stories/ne/cybersecurity_06.json","2024-01-01 00:00:00","2024-01-01 00:00:00","0"
"417","42","कमजोरी","1","ne","","lesson-stories/ne/cybersecurity_07.json","2024-01-01 00:00:00","2024-01-01 00:00:00","0"
"418","42","सुरक्षा अभ्यास","1","ne","","lesson-stories/ne/cybersecurity_08.json","2024-01-01 00:00:00","2024-01-01 00:00:00","0"
"419","42","नैतिक ह्याकिङ","1","ne","","lesson-stories/ne/cybersecurity_09.json","2024-01-01 00:00:00","2024-01-01 00:00:00","0"
"420","42","सुरक्षा क्यारियर","1","ne","","lesson-stories/ne/cybersecurity_10.json","2024-01-01 00:00:00","2024-01-01 00:00:00","0"
"421","43","Go言語とは","1","ja","","lesson-stories/ja/go_01.json","2024-01-01 00:00:00","2024-01-01 00:00:00","0"
"422","43","変数と型","1","ja","","lesson-stories/ja/go_02.json","2024-01-01 00:00:00","2024-01-01 00:00:00","0"
"423","43","関数とメソッド","1","ja","","lesson-stories/ja/go_03.json","2024-01-01 00:00:00","2024-01-01 00:00:00","0"
"424","43","構造体","1","ja","","lesson-stories/ja/go_04.json","2024-01-01 00:00:00","2024-01-01 00:00:00","0"
"425","43","スライスとマップ","1","ja","","lesson-stories/ja/go_05.json","2024-01-01 00:00:00","2024-01-01 00:00:00","0"
"426","43","ゴルーチン","1","ja","","lesson-stories/ja/go_06.json","2024-01-01 00:00:00","2024-01-01 00:00:00","0"
"427","43","チャネル","1","ja","","lesson-stories/ja/go_07.json","2024-01-01 00:00:00","2024-01-01 00:00:00","0"
"428","43","エラーハンドリング","1","ja","","lesson-stories/ja/go_08.json","2024-01-01 00:00:00","2024-01-01 00:00:00","0"
"429","43","パッケージとモジュール","1","ja","","lesson-stories/ja/go_09.json","2024-01-01 00:00:00","2024-01-01 00:00:00","0"
"430","43","Goでアプリを作ろう","1","ja","","lesson-stories/ja/go_10.json","2024-01-01 00:00:00","2024-01-01 00:00:00","0"
"431","44","What is Go?","1","en","","lesson-stories/en/go_01.json","2024-01-01 00:00:00","2024-01-01 00:00:00","0"
"432","44","Variables & Types","1","en","","lesson-stories/en/go_02.json","2024-01-01 00:00:00","2024-01-01 00:00:00","0"
"433","44","Functions & Methods","1","en","","lesson-stories/en/go_03.json","2024-01-01 00:00:00","2024-01-01 00:00:00","0"
"434","44","Structs","1","en","","lesson-stories/en/go_04.json","2024-01-01 00:00:00","2024-01-01 00:00:00","0"
"435","44","Slices & Maps","1","en","","lesson-stories/en/go_05.json","2024-01-01 00:00:00","2024-01-01 00:00:00","0"
"436","44","Goroutines","1","en","","lesson-stories/en/go_06.json","2024-01-01 00:00:00","2024-01-01 00:00:00","0"
"437","44","Channels","1","en","","lesson-stories/en/go_07.json","2024-01-01 00:00:00","2024-01-01 00:00:00","0"
"438","44","Error Handling","1","en","","lesson-stories/en/go_08.json","2024-01-01 00:00:00","2024-01-01 00:00:00","0"
"439","44","Packages & Modules","1","en","","lesson-stories/en/go_09.json","2024-01-01 00:00:00","2024-01-01 00:00:00","0"
"440","44","Build Apps with Go","1","en","","lesson-stories/en/go_10.json","2024-01-01 00:00:00","2024-01-01 00:00:00","0"
"441","45","Apa itu Go?","1","id","","lesson-stories/id/go_01.json","2024-01-01 00:00:00","2024-01-01 00:00:00","0"
"442","45","Variabel & Tipe","1","id","","lesson-stories/id/go_02.json","2024-01-01 00:00:00","2024-01-01 00:00:00","0"
"443","45","Fungsi & Metode","1","id","","lesson-stories/id/go_03.json","2024-01-01 00:00:00","2024-01-01 00:00:00","0"
"444","45","Struct","1","id","","lesson-stories/id/go_04.json","2024-01-01 00:00:00","2024-01-01 00:00:00","0"
"445","45","Slice & Map","1","id","","lesson-stories/id/go_05.json","2024-01-01 00:00:00","2024-01-01 00:00:00","0"
"446","45","Goroutine","1","id","","lesson-stories/id/go_06.json","2024-01-01 00:00:00","2024-01-01 00:00:00","0"
"447","45","Channel","1","id","","lesson-stories/id/go_07.json","2024-01-01 00:00:00","2024-01-01 00:00:00","0"
"448","45","Penanganan Error","1","id","","lesson-stories/id/go_08.json","2024-01-01 00:00:00","2024-01-01 00:00:00","0"
"449","45","Package & Modul","1","id","","lesson-stories/id/go_09.json","2024-01-01 00:00:00","2024-01-01 00:00:00","0"
"450","45","Buat App dengan Go","1","id","","lesson-stories/id/go_10.json","2024-01-01 00:00:00","2024-01-01 00:00:00","0"
"451","46","Go là gì?","1","vi","","lesson-stories/vi/go_01.json","2024-01-01 00:00:00","2024-01-01 00:00:00","0"
"452","46","Biến & Kiểu","1","vi","","lesson-stories/vi/go_02.json","2024-01-01 00:00:00","2024-01-01 00:00:00","0"
"453","46","Hàm & Phương thức","1","vi","","lesson-stories/vi/go_03.json","2024-01-01 00:00:00","2024-01-01 00:00:00","0"
"454","46","Struct","1","vi","","lesson-stories/vi/go_04.json","2024-01-01 00:00:00","2024-01-01 00:00:00","0"
"455","46","Slice & Map","1","vi","","lesson-stories/vi/go_05.json","2024-01-01 00:00:00","2024-01-01 00:00:00","0"
"456","46","Goroutine","1","vi","","lesson-stories/vi/go_06.json","2024-01-01 00:00:00","2024-01-01 00:00:00","0"
"457","46","Channel","1","vi","","lesson-stories/vi/go_07.json","2024-01-01 00:00:00","2024-01-01 00:00:00","0"
"458","46","Xử lý lỗi","1","vi","","lesson-stories/vi/go_08.json","2024-01-01 00:00:00","2024-01-01 00:00:00","0"
"459","46","Package & Module","1","vi","","lesson-stories/vi/go_09.json","2024-01-01 00:00:00","2024-01-01 00:00:00","0"
"460","46","Xây dựng app với Go","1","vi","","lesson-stories/vi/go_10.json","2024-01-01 00:00:00","2024-01-01 00:00:00","0"
"461","47","什么是Go?","1","zh","","lesson-stories/zh/go_01.json","2024-01-01 00:00:00","2024-01-01 00:00:00","0"
"462","47","变量和类型","1","zh","","lesson-stories/zh/go_02.json","2024-01-01 00:00:00","2024-01-01 00:00:00","0"
"463","47","函数与方法","1","zh","","lesson-stories/zh/go_03.json","2024-01-01 00:00:00","2024-01-01 00:00:00","0"
"464","47","结构体","1","zh","","lesson-stories/zh/go_04.json","2024-01-01 00:00:00","2024-01-01 00:00:00","0"
"465","47","切片和映射","1","zh","","lesson-stories/zh/go_05.json","2024-01-01 00:00:00","2024-01-01 00:00:00","0"
"466","47","Goroutine","1","zh","","lesson-stories/zh/go_06.json","2024-01-01 00:00:00","2024-01-01 00:00:00","0"
"467","47","Channel","1","zh","","lesson-stories/zh/go_07.json","2024-01-01 00:00:00","2024-01-01 00:00:00","0"
"468","47","错误处理","1","zh","","lesson-stories/zh/go_08.json","2024-01-01 00:00:00","2024-01-01 00:00:00","0"
"469","47","包和模块","1","zh","","lesson-stories/zh/go_09.json","2024-01-01 00:00:00","2024-01-01 00:00:00","0"
"470","47","用Go构建应用","1","zh","","lesson-stories/zh/go_10.json","2024-01-01 00:00:00","2024-01-01 00:00:00","0"
"471","48","Go भाषा के हो?","1","ne","","lesson-stories/ne/go_01.json","2024-01-01 00:00:00","2024-01-01 00:00:00","0"
"472","48","भेरिएबल र टाइप","1","ne","","lesson-stories/ne/go_02.json","2024-01-01 00:00:00","2024-01-01 00:00:00","0"
"473","48","फंक्सन र मेथड","1","ne","","lesson-stories/ne/go_03.json","2024-01-01 00:00:00","2024-01-01 00:00:00","0"
"474","48","स्ट्रक्चर","1","ne","","lesson-stories/ne/go_04.json","2024-01-01 00:00:00","2024-01-01 00:00:00","0"
"475","48","स्लाइस र म्याप","1","ne","","lesson-stories/ne/go_05.json","2024-01-01 00:00:00","2024-01-01 00:00:00","0"
"476","48","गोरुटिन","1","ne","","lesson-stories/ne/go_06.json","2024-01-01 00:00:00","2024-01-01 00:00:00","0"
"477","48","च्यानल","1","ne","","lesson-stories/ne/go_07.json","2024-01-01 00:00:00","2024-01-01 00:00:00","0"
"478","48","एरर ह्यान्डलिङ","1","ne","","lesson-stories/ne/go_08.json","2024-01-01 00:00:00","2024-01-01 00:00:00","0"
"479","48","प्याकेज र मोड्युल","1","ne","","lesson-stories/ne/go_09.json","2024-01-01 00:00:00","2024-01-01 00:00:00","0"
"480","48","Go ले एप बनाउनुस्","1","ne","","lesson-stories/ne/go_10.json","2024-01-01 00:00:00","2024-01-01 00:00:00","0"
"481","49","絵本とは","1","ja","","lesson-stories/ja/picturebook_01.json","2024-01-01 00:00:00","2024-01-01 00:00:00","0"
"482","49","ストーリー作り","1","ja","","lesson-stories/ja/picturebook_02.json","2024-01-01 00:00:00","2024-01-01 00:00:00","0"
"483","49","キャラクター設定","1","ja","","lesson-stories/ja/picturebook_03.json","2024-01-01 00:00:00","2024-01-01 00:00:00","0"
"484","49","イラストの基本","1","ja","","lesson-stories/ja/picturebook_04.json","2024-01-01 00:00:00","2024-01-01 00:00:00","0"
"485","49","色使い","1","ja","","lesson-stories/ja/picturebook_05.json","2024-01-01 00:00:00","2024-01-01 00:00:00","0"
"486","49","ページレイアウト","1","ja","","lesson-stories/ja/picturebook_06.json","2024-01-01 00:00:00","2024-01-01 00:00:00","0"
"487","49","AIで絵本を作る","1","ja","","lesson-stories/ja/picturebook_07.json","2024-01-01 00:00:00","2024-01-01 00:00:00","0"
"488","49","絵本の出版","1","ja","","lesson-stories/ja/picturebook_08.json","2024-01-01 00:00:00","2024-01-01 00:00:00","0"
"489","49","読み聞かせの技術","1","ja","","lesson-stories/ja/picturebook_09.json","2024-01-01 00:00:00","2024-01-01 00:00:00","0"
"490","49","自分だけの絵本","1","ja","","lesson-stories/ja/picturebook_10.json","2024-01-01 00:00:00","2024-01-01 00:00:00","0"
"491","50","What is a Picture Book?","1","en","","lesson-stories/en/picturebook_01.json","2024-01-01 00:00:00","2024-01-01 00:00:00","0"
"492","50","Story Creation","1","en","","lesson-stories/en/picturebook_02.json","2024-01-01 00:00:00","2024-01-01 00:00:00","0"
"493","50","Character Design","1","en","","lesson-stories/en/picturebook_03.json","2024-01-01 00:00:00","2024-01-01 00:00:00","0"
"494","50","Illustration Basics","1","en","","lesson-stories/en/picturebook_04.json","2024-01-01 00:00:00","2024-01-01 00:00:00","0"
"495","50","Using Color","1","en","","lesson-stories/en/picturebook_05.json","2024-01-01 00:00:00","2024-01-01 00:00:00","0"
"496","50","Page Layout","1","en","","lesson-stories/en/picturebook_06.json","2024-01-01 00:00:00","2024-01-01 00:00:00","0"
"497","50","Create with AI","1","en","","lesson-stories/en/picturebook_07.json","2024-01-01 00:00:00","2024-01-01 00:00:00","0"
"498","50","Publishing","1","en","","lesson-stories/en/picturebook_08.json","2024-01-01 00:00:00","2024-01-01 00:00:00","0"
"499","50","Read-Aloud Techniques","1","en","","lesson-stories/en/picturebook_09.json","2024-01-01 00:00:00","2024-01-01 00:00:00","0"
"500","50","Your Own Picture Book","1","en","","lesson-stories/en/picturebook_10.json","2024-01-01 00:00:00","2024-01-01 00:00:00","0"
"501","51","Apa itu Buku Bergambar?","1","id","","lesson-stories/id/picturebook_01.json","2024-01-01 00:00:00","2024-01-01 00:00:00","0"
"502","51","Membuat Cerita","1","id","","lesson-stories/id/picturebook_02.json","2024-01-01 00:00:00","2024-01-01 00:00:00","0"
"503","51","Desain Karakter","1","id","","lesson-stories/id/picturebook_03.json","2024-01-01 00:00:00","2024-01-01 00:00:00","0"
"504","51","Dasar Ilustrasi","1","id","","lesson-stories/id/picturebook_04.json","2024-01-01 00:00:00","2024-01-01 00:00:00","0"
"505","51","Penggunaan Warna","1","id","","lesson-stories/id/picturebook_05.json","2024-01-01 00:00:00","2024-01-01 00:00:00","0"
"506","51","Tata Letak","1","id","","lesson-stories/id/picturebook_06.json","2024-01-01 00:00:00","2024-01-01 00:00:00","0"
"507","51","Buat dengan AI","1","id","","lesson-stories/id/picturebook_07.json","2024-01-01 00:00:00","2024-01-01 00:00:00","0"
"508","51","Penerbitan","1","id","","lesson-stories/id/picturebook_08.json","2024-01-01 00:00:00","2024-01-01 00:00:00","0"
"509","51","Teknik Membaca","1","id","","lesson-stories/id/picturebook_09.json","2024-01-01 00:00:00","2024-01-01 00:00:00","0"
"510","51","Buku Sendiri","1","id","","lesson-stories/id/picturebook_10.json","2024-01-01 00:00:00","2024-01-01 00:00:00","0"
"511","52","Sách tranh là gì?","1","vi","","lesson-stories/vi/picturebook_01.json","2024-01-01 00:00:00","2024-01-01 00:00:00","0"
"512","52","Tạo câu chuyện","1","vi","","lesson-stories/vi/picturebook_02.json","2024-01-01 00:00:00","2024-01-01 00:00:00","0"
"513","52","Thiết kế nhân vật","1","vi","","lesson-stories/vi/picturebook_03.json","2024-01-01 00:00:00","2024-01-01 00:00:00","0"
"514","52","Cơ bản minh họa","1","vi","","lesson-stories/vi/picturebook_04.json","2024-01-01 00:00:00","2024-01-01 00:00:00","0"
"515","52","Sử dụng màu","1","vi","","lesson-stories/vi/picturebook_05.json","2024-01-01 00:00:00","2024-01-01 00:00:00","0"
"516","52","Bố cục","1","vi","","lesson-stories/vi/picturebook_06.json","2024-01-01 00:00:00","2024-01-01 00:00:00","0"
"517","52","Tạo bằng AI","1","vi","","lesson-stories/vi/picturebook_07.json","2024-01-01 00:00:00","2024-01-01 00:00:00","0"
"518","52","Xuất bản","1","vi","","lesson-stories/vi/picturebook_08.json","2024-01-01 00:00:00","2024-01-01 00:00:00","0"
"519","52","Kỹ thuật đọc","1","vi","","lesson-stories/vi/picturebook_09.json","2024-01-01 00:00:00","2024-01-01 00:00:00","0"
"520","52","Sách của bạn","1","vi","","lesson-stories/vi/picturebook_10.json","2024-01-01 00:00:00","2024-01-01 00:00:00","0"
"521","53","什么是绘本?","1","zh","","lesson-stories/zh/picturebook_01.json","2024-01-01 00:00:00","2024-01-01 00:00:00","0"
"522","53","故事创作","1","zh","","lesson-stories/zh/picturebook_02.json","2024-01-01 00:00:00","2024-01-01 00:00:00","0"
"523","53","角色设计","1","zh","","lesson-stories/zh/picturebook_03.json","2024-01-01 00:00:00","2024-01-01 00:00:00","0"
"524","53","插图基础","1","zh","","lesson-stories/zh/picturebook_04.json","2024-01-01 00:00:00","2024-01-01 00:00:00","0"
"525","53","色彩运用","1","zh","","lesson-stories/zh/picturebook_05.json","2024-01-01 00:00:00","2024-01-01 00:00:00","0"
"526","53","页面布局","1","zh","","lesson-stories/zh/picturebook_06.json","2024-01-01 00:00:00","2024-01-01 00:00:00","0"
"527","53","用AI创作","1","zh","","lesson-stories/zh/picturebook_07.json","2024-01-01 00:00:00","2024-01-01 00:00:00","0"
"528","53","出版","1","zh","","lesson-stories/zh/picturebook_08.json","2024-01-01 00:00:00","2024-01-01 00:00:00","0"
"529","53","朗读技巧","1","zh","","lesson-stories/zh/picturebook_09.json","2024-01-01 00:00:00","2024-01-01 00:00:00","0"
"530","53","属于你的绘本","1","zh","","lesson-stories/zh/picturebook_10.json","2024-01-01 00:00:00","2024-01-01 00:00:00","0"
"531","54","चित्र पुस्तक के हो?","1","ne","","lesson-stories/ne/picturebook_01.json","2024-01-01 00:00:00","2024-01-01 00:00:00","0"
"532","54","कथा निर्माण","1","ne","","lesson-stories/ne/picturebook_02.json","2024-01-01 00:00:00","2024-01-01 00:00:00","0"
"533","54","पात्र डिजाइन","1","ne","","lesson-stories/ne/picturebook_03.json","2024-01-01 00:00:00","2024-01-01 00:00:00","0"
"534","54","चित्रकारी","1","ne","","lesson-stories/ne/picturebook_04.json","2024-01-01 00:00:00","2024-01-01 00:00:00","0"
"535","54","रङको प्रयोग","1","ne","","lesson-stories/ne/picturebook_05.json","2024-01-01 00:00:00","2024-01-01 00:00:00","0"
"536","54","लेआउट","1","ne","","lesson-stories/ne/picturebook_06.json","2024-01-01 00:00:00","2024-01-01 00:00:00","0"
"537","54","AI ले बनाउनुस्","1","ne","","lesson-stories/ne/picturebook_07.json","2024-01-01 00:00:00","2024-01-01 00:00:00","0"
"538","54","प्रकाशन","1","ne","","lesson-stories/ne/picturebook_08.json","2024-01-01 00:00:00","2024-01-01 00:00:00","0"
"539","54","पठन प्रविधि","1","ne","","lesson-stories/ne/picturebook_09.json","2024-01-01 00:00:00","2024-01-01 00:00:00","0"
"540","54","आफ्नै चित्र पुस्तक","1","ne","","lesson-stories/ne/picturebook_10.json","2024-01-01 00:00:00","2024-01-01 00:00:00","0"
"541","55","起業とは","1","ja","","lesson-stories/ja/startup_01.json","2024-01-01 00:00:00","2024-01-01 00:00:00","0"
"542","55","アイデアを見つける","1","ja","","lesson-stories/ja/startup_02.json","2024-01-01 00:00:00","2024-01-01 00:00:00","0"
"543","55","市場調査","1","ja","","lesson-stories/ja/startup_03.json","2024-01-01 00:00:00","2024-01-01 00:00:00","0"
"544","55","ビジネスモデル","1","ja","","lesson-stories/ja/startup_04.json","2024-01-01 00:00:00","2024-01-01 00:00:00","0"
"545","55","MVP開発","1","ja","","lesson-stories/ja/startup_05.json","2024-01-01 00:00:00","2024-01-01 00:00:00","0"
"546","55","資金調達","1","ja","","lesson-stories/ja/startup_06.json","2024-01-01 00:00:00","2024-01-01 00:00:00","0"
"547","55","チームビルディング","1","ja","","lesson-stories/ja/startup_07.json","2024-01-01 00:00:00","2024-01-01 00:00:00","0"
"548","55","マーケティング","1","ja","","lesson-stories/ja/startup_08.json","2024-01-01 00:00:00","2024-01-01 00:00:00","0"
"549","55","ピッチの方法","1","ja","","lesson-stories/ja/startup_09.json","2024-01-01 00:00:00","2024-01-01 00:00:00","0"
"550","55","スタートアップの未来","1","ja","","lesson-stories/ja/startup_10.json","2024-01-01 00:00:00","2024-01-01 00:00:00","0"
"551","56","What is a Startup?","1","en","","lesson-stories/en/startup_01.json","2024-01-01 00:00:00","2024-01-01 00:00:00","0"
"552","56","Finding Ideas","1","en","","lesson-stories/en/startup_02.json","2024-01-01 00:00:00","2024-01-01 00:00:00","0"
"553","56","Market Research","1","en","","lesson-stories/en/startup_03.json","2024-01-01 00:00:00","2024-01-01 00:00:00","0"
"554","56","Business Models","1","en","","lesson-stories/en/startup_04.json","2024-01-01 00:00:00","2024-01-01 00:00:00","0"
"555","56","MVP Development","1","en","","lesson-stories/en/startup_05.json","2024-01-01 00:00:00","2024-01-01 00:00:00","0"
"556","56","Fundraising","1","en","","lesson-stories/en/startup_06.json","2024-01-01 00:00:00","2024-01-01 00:00:00","0"
"557","56","Team Building","1","en","","lesson-stories/en/startup_07.json","2024-01-01 00:00:00","2024-01-01 00:00:00","0"
"558","56","Marketing","1","en","","lesson-stories/en/startup_08.json","2024-01-01 00:00:00","2024-01-01 00:00:00","0"
"559","56","How to Pitch","1","en","","lesson-stories/en/startup_09.json","2024-01-01 00:00:00","2024-01-01 00:00:00","0"
"560","56","Future of Startups","1","en","","lesson-stories/en/startup_10.json","2024-01-01 00:00:00","2024-01-01 00:00:00","0"
"561","57","Apa itu Startup?","1","id","","lesson-stories/id/startup_01.json","2024-01-01 00:00:00","2024-01-01 00:00:00","0"
"562","57","Menemukan Ide","1","id","","lesson-stories/id/startup_02.json","2024-01-01 00:00:00","2024-01-01 00:00:00","0"
"563","57","Riset Pasar","1","id","","lesson-stories/id/startup_03.json","2024-01-01 00:00:00","2024-01-01 00:00:00","0"
"564","57","Model Bisnis","1","id","","lesson-stories/id/startup_04.json","2024-01-01 00:00:00","2024-01-01 00:00:00","0"
"565","57","MVP","1","id","","lesson-stories/id/startup_05.json","2024-01-01 00:00:00","2024-01-01 00:00:00","0"
"566","57","Penggalangan Dana","1","id","","lesson-stories/id/startup_06.json","2024-01-01 00:00:00","2024-01-01 00:00:00","0"
"567","57","Membangun Tim","1","id","","lesson-stories/id/startup_07.json","2024-01-01 00:00:00","2024-01-01 00:00:00","0"
"568","57","Pemasaran","1","id","","lesson-stories/id/startup_08.json","2024-01-01 00:00:00","2024-01-01 00:00:00","0"
"569","57","Cara Pitch","1","id","","lesson-stories/id/startup_09.json","2024-01-01 00:00:00","2024-01-01 00:00:00","0"
"570","57","Masa Depan Startup","1","id","","lesson-stories/id/startup_10.json","2024-01-01 00:00:00","2024-01-01 00:00:00","0"
"571","58","Startup là gì?","1","vi","","lesson-stories/vi/startup_01.json","2024-01-01 00:00:00","2024-01-01 00:00:00","0"
"572","58","Tìm ý tưởng","1","vi","","lesson-stories/vi/startup_02.json","2024-01-01 00:00:00","2024-01-01 00:00:00","0"
"573","58","Nghiên cứu thị trường","1","vi","","lesson-stories/vi/startup_03.json","2024-01-01 00:00:00","2024-01-01 00:00:00","0"
"574","58","Mô hình kinh doanh","1","vi","","lesson-stories/vi/startup_04.json","2024-01-01 00:00:00","2024-01-01 00:00:00","0"
"575","58","MVP","1","vi","","lesson-stories/vi/startup_05.json","2024-01-01 00:00:00","2024-01-01 00:00:00","0"
"576","58","Gọi vốn","1","vi","","lesson-stories/vi/startup_06.json","2024-01-01 00:00:00","2024-01-01 00:00:00","0"
"577","58","Xây dựng đội nhóm","1","vi","","lesson-stories/vi/startup_07.json","2024-01-01 00:00:00","2024-01-01 00:00:00","0"
"578","58","Marketing","1","vi","","lesson-stories/vi/startup_08.json","2024-01-01 00:00:00","2024-01-01 00:00:00","0"
"579","58","Cách Pitch","1","vi","","lesson-stories/vi/startup_09.json","2024-01-01 00:00:00","2024-01-01 00:00:00","0"
"580","58","Tương lai Startup","1","vi","","lesson-stories/vi/startup_10.json","2024-01-01 00:00:00","2024-01-01 00:00:00","0"
"581","59","什么是创业?","1","zh","","lesson-stories/zh/startup_01.json","2024-01-01 00:00:00","2024-01-01 00:00:00","0"
"582","59","寻找创意","1","zh","","lesson-stories/zh/startup_02.json","2024-01-01 00:00:00","2024-01-01 00:00:00","0"
"583","59","市场调研","1","zh","","lesson-stories/zh/startup_03.json","2024-01-01 00:00:00","2024-01-01 00:00:00","0"
"584","59","商业模式","1","zh","","lesson-stories/zh/startup_04.json","2024-01-01 00:00:00","2024-01-01 00:00:00","0"
"585","59","MVP开发","1","zh","","lesson-stories/zh/startup_05.json","2024-01-01 00:00:00","2024-01-01 00:00:00","0"
"586","59","融资","1","zh","","lesson-stories/zh/startup_06.json","2024-01-01 00:00:00","2024-01-01 00:00:00","0"
"587","59","团队建设","1","zh","","lesson-stories/zh/startup_07.json","2024-01-01 00:00:00","2024-01-01 00:00:00","0"
"588","59","市场营销","1","zh","","lesson-stories/zh/startup_08.json","2024-01-01 00:00:00","2024-01-01 00:00:00","0"
"589","59","如何路演","1","zh","","lesson-stories/zh/startup_09.json","2024-01-01 00:00:00","2024-01-01 00:00:00","0"
"590","59","创业的未来","1","zh","","lesson-stories/zh/startup_10.json","2024-01-01 00:00:00","2024-01-01 00:00:00","0"
"591","60","स्टार्टअप के हो?","1","ne","","lesson-stories/ne/startup_01.json","2024-01-01 00:00:00","2024-01-01 00:00:00","0"
"592","60","विचार खोज्नु","1","ne","","lesson-stories/ne/startup_02.json","2024-01-01 00:00:00","2024-01-01 00:00:00","0"
"593","60","बजार अनुसन्धान","1","ne","","lesson-stories/ne/startup_03.json","2024-01-01 00:00:00","2024-01-01 00:00:00","0"
"594","60","व्यापार मोडेल","1","ne","","lesson-stories/ne/startup_04.json","2024-01-01 00:00:00","2024-01-01 00:00:00","0"
"595","60","MVP","1","ne","","lesson-stories/ne/startup_05.json","2024-01-01 00:00:00","2024-01-01 00:00:00","0"
"596","60","फन्डरेजिङ","1","ne","","lesson-stories/ne/startup_06.json","2024-01-01 00:00:00","2024-01-01 00:00:00","0"
"597","60","टिम निर्माण","1","ne","","lesson-stories/ne/startup_07.json","2024-01-01 00:00:00","2024-01-01 00:00:00","0"
"598","60","मार्केटिङ","1","ne","","lesson-stories/ne/startup_08.json","2024-01-01 00:00:00","2024-01-01 00:00:00","0"
"599","60","पिच गर्ने","1","ne","","lesson-stories/ne/startup_09.json","2024-01-01 00:00:00","2024-01-01 00:00:00","0"
"600","60","स्टार्टअपको भविष्य","1","ne","","lesson-stories/ne/startup_10.json","2024-01-01 00:00:00","2024-01-01 00:00:00","0"
"601","61","生成AIの応用とは","1","ja","","lesson-stories/ja/applied_ai_01.json","2024-01-01 00:00:00","2024-01-01 00:00:00","0"
"602","61","AI×教育","1","ja","","lesson-stories/ja/applied_ai_02.json","2024-01-01 00:00:00","2024-01-01 00:00:00","0"
"603","61","AI×ビジネス","1","ja","","lesson-stories/ja/applied_ai_03.json","2024-01-01 00:00:00","2024-01-01 00:00:00","0"
"604","61","AI×医療","1","ja","","lesson-stories/ja/applied_ai_04.json","2024-01-01 00:00:00","2024-01-01 00:00:00","0"
"605","61","AI×芸術","1","ja","","lesson-stories/ja/applied_ai_05.json","2024-01-01 00:00:00","2024-01-01 00:00:00","0"
"606","61","プロンプトエンジニアリング","1","ja","","lesson-stories/ja/applied_ai_06.json","2024-01-01 00:00:00","2024-01-01 00:00:00","0"
"607","61","AIツールの使い方","1","ja","","lesson-stories/ja/applied_ai_07.json","2024-01-01 00:00:00","2024-01-01 00:00:00","0"
"608","61","AIアプリ開発","1","ja","","lesson-stories/ja/applied_ai_08.json","2024-01-01 00:00:00","2024-01-01 00:00:00","0"
"609","61","AI×サステナビリティ","1","ja","","lesson-stories/ja/applied_ai_09.json","2024-01-01 00:00:00","2024-01-01 00:00:00","0"
"610","61","AI応用プロジェクト","1","ja","","lesson-stories/ja/applied_ai_10.json","2024-01-01 00:00:00","2024-01-01 00:00:00","0"
"611","62","What is Applied AI?","1","en","","lesson-stories/en/applied_ai_01.json","2024-01-01 00:00:00","2024-01-01 00:00:00","0"
"612","62","AI × Education","1","en","","lesson-stories/en/applied_ai_02.json","2024-01-01 00:00:00","2024-01-01 00:00:00","0"
"613","62","AI × Business","1","en","","lesson-stories/en/applied_ai_03.json","2024-01-01 00:00:00","2024-01-01 00:00:00","0"
"614","62","AI × Healthcare","1","en","","lesson-stories/en/applied_ai_04.json","2024-01-01 00:00:00","2024-01-01 00:00:00","0"
"615","62","AI × Creative Arts","1","en","","lesson-stories/en/applied_ai_05.json","2024-01-01 00:00:00","2024-01-01 00:00:00","0"
"616","62","Prompt Engineering","1","en","","lesson-stories/en/applied_ai_06.json","2024-01-01 00:00:00","2024-01-01 00:00:00","0"
"617","62","Using AI Tools","1","en","","lesson-stories/en/applied_ai_07.json","2024-01-01 00:00:00","2024-01-01 00:00:00","0"
"618","62","AI App Development","1","en","","lesson-stories/en/applied_ai_08.json","2024-01-01 00:00:00","2024-01-01 00:00:00","0"
"619","62","AI × Sustainability","1","en","","lesson-stories/en/applied_ai_09.json","2024-01-01 00:00:00","2024-01-01 00:00:00","0"
"620","62","Applied AI Project","1","en","","lesson-stories/en/applied_ai_10.json","2024-01-01 00:00:00","2024-01-01 00:00:00","0"
"621","63","Apa itu AI Terapan?","1","id","","lesson-stories/id/applied_ai_01.json","2024-01-01 00:00:00","2024-01-01 00:00:00","0"
"622","63","AI × Pendidikan","1","id","","lesson-stories/id/applied_ai_02.json","2024-01-01 00:00:00","2024-01-01 00:00:00","0"
"623","63","AI × Bisnis","1","id","","lesson-stories/id/applied_ai_03.json","2024-01-01 00:00:00","2024-01-01 00:00:00","0"
"624","63","AI × Kesehatan","1","id","","lesson-stories/id/applied_ai_04.json","2024-01-01 00:00:00","2024-01-01 00:00:00","0"
"625","63","AI × Seni","1","id","","lesson-stories/id/applied_ai_05.json","2024-01-01 00:00:00","2024-01-01 00:00:00","0"
"626","63","Rekayasa Prompt","1","id","","lesson-stories/id/applied_ai_06.json","2024-01-01 00:00:00","2024-01-01 00:00:00","0"
"627","63","Alat AI","1","id","","lesson-stories/id/applied_ai_07.json","2024-01-01 00:00:00","2024-01-01 00:00:00","0"
"628","63","App AI","1","id","","lesson-stories/id/applied_ai_08.json","2024-01-01 00:00:00","2024-01-01 00:00:00","0"
"629","63","AI × Keberlanjutan","1","id","","lesson-stories/id/applied_ai_09.json","2024-01-01 00:00:00","2024-01-01 00:00:00","0"
"630","63","Proyek AI Terapan","1","id","","lesson-stories/id/applied_ai_10.json","2024-01-01 00:00:00","2024-01-01 00:00:00","0"
"631","64","AI ứng dụng là gì?","1","vi","","lesson-stories/vi/applied_ai_01.json","2024-01-01 00:00:00","2024-01-01 00:00:00","0"
"632","64","AI × Giáo dục","1","vi","","lesson-stories/vi/applied_ai_02.json","2024-01-01 00:00:00","2024-01-01 00:00:00","0"
"633","64","AI × Kinh doanh","1","vi","","lesson-stories/vi/applied_ai_03.json","2024-01-01 00:00:00","2024-01-01 00:00:00","0"
"634","64","AI × Y tế","1","vi","","lesson-stories/vi/applied_ai_04.json","2024-01-01 00:00:00","2024-01-01 00:00:00","0"
"635","64","AI × Nghệ thuật","1","vi","","lesson-stories/vi/applied_ai_05.json","2024-01-01 00:00:00","2024-01-01 00:00:00","0"
"636","64","Kỹ thuật Prompt","1","vi","","lesson-stories/vi/applied_ai_06.json","2024-01-01 00:00:00","2024-01-01 00:00:00","0"
"637","64","Công cụ AI","1","vi","","lesson-stories/vi/applied_ai_07.json","2024-01-01 00:00:00","2024-01-01 00:00:00","0"
"638","64","App AI","1","vi","","lesson-stories/vi/applied_ai_08.json","2024-01-01 00:00:00","2024-01-01 00:00:00","0"
"639","64","AI × Bền vững","1","vi","","lesson-stories/vi/applied_ai_09.json","2024-01-01 00:00:00","2024-01-01 00:00:00","0"
"640","64","Dự án AI ứng dụng","1","vi","","lesson-stories/vi/applied_ai_10.json","2024-01-01 00:00:00","2024-01-01 00:00:00","0"
"641","65","什么是AI应用?","1","zh","","lesson-stories/zh/applied_ai_01.json","2024-01-01 00:00:00","2024-01-01 00:00:00","0"
"642","65","AI × 教育","1","zh","","lesson-stories/zh/applied_ai_02.json","2024-01-01 00:00:00","2024-01-01 00:00:00","0"
"643","65","AI × 商业","1","zh","","lesson-stories/zh/applied_ai_03.json","2024-01-01 00:00:00","2024-01-01 00:00:00","0"
"644","65","AI × 医疗","1","zh","","lesson-stories/zh/applied_ai_04.json","2024-01-01 00:00:00","2024-01-01 00:00:00","0"
"645","65","AI × 艺术","1","zh","","lesson-stories/zh/applied_ai_05.json","2024-01-01 00:00:00","2024-01-01 00:00:00","0"
"646","65","提示工程","1","zh","","lesson-stories/zh/applied_ai_06.json","2024-01-01 00:00:00","2024-01-01 00:00:00","0"
"647","65","AI工具","1","zh","","lesson-stories/zh/applied_ai_07.json","2024-01-01 00:00:00","2024-01-01 00:00:00","0"
"648","65","AI应用开发","1","zh","","lesson-stories/zh/applied_ai_08.json","2024-01-01 00:00:00","2024-01-01 00:00:00","0"
"649","65","AI × 可持续","1","zh","","lesson-stories/zh/applied_ai_09.json","2024-01-01 00:00:00","2024-01-01 00:00:00","0"
"650","65","AI应用项目","1","zh","","lesson-stories/zh/applied_ai_10.json","2024-01-01 00:00:00","2024-01-01 00:00:00","0"
"651","66","एप्लाइड AI के हो?","1","ne","","lesson-stories/ne/applied_ai_01.json","2024-01-01 00:00:00","2024-01-01 00:00:00","0"
"652","66","AI × शिक्षा","1","ne","","lesson-stories/ne/applied_ai_02.json","2024-01-01 00:00:00","2024-01-01 00:00:00","0"
"653","66","AI × व्यापार","1","ne","","lesson-stories/ne/applied_ai_03.json","2024-01-01 00:00:00","2024-01-01 00:00:00","0"
"654","66","AI × स्वास्थ्य","1","ne","","lesson-stories/ne/applied_ai_04.json","2024-01-01 00:00:00","2024-01-01 00:00:00","0"
"655","66","AI × कला","1","ne","","lesson-stories/ne/applied_ai_05.json","2024-01-01 00:00:00","2024-01-01 00:00:00","0"
"656","66","प्रम्प्ट इन्जिनियरिङ","1","ne","","lesson-stories/ne/applied_ai_06.json","2024-01-01 00:00:00","2024-01-01 00:00:00","0"
"657","66","AI टूल","1","ne","","lesson-stories/ne/applied_ai_07.json","2024-01-01 00:00:00","2024-01-01 00:00:00","0"
"658","66","AI एप","1","ne","","lesson-stories/ne/applied_ai_08.json","2024-01-01 00:00:00","2024-01-01 00:00:00","0"
"659","66","AI × दिगोपन","1","ne","","lesson-stories/ne/applied_ai_09.json","2024-01-01 00:00:00","2024-01-01 00:00:00","0"
"660","66","AI प्रोजेक्ट","1","ne","","lesson-stories/ne/applied_ai_10.json","2024-01-01 00:00:00","2024-01-01 00:00:00","0"
"661","67","ソフトウェアとは","1","ja","","lesson-stories/ja/software_01.json","2024-01-01 00:00:00","2024-01-01 00:00:00","0"
"662","67","バージョン管理(Git)","1","ja","","lesson-stories/ja/software_02.json","2024-01-01 00:00:00","2024-01-01 00:00:00","0"
"663","67","クラウドコンピューティング","1","ja","","lesson-stories/ja/software_03.json","2024-01-01 00:00:00","2024-01-01 00:00:00","0"
"664","67","データベース入門","1","ja","","lesson-stories/ja/software_04.json","2024-01-01 00:00:00","2024-01-01 00:00:00","0"
"665","67","API設計","1","ja","","lesson-stories/ja/software_05.json","2024-01-01 00:00:00","2024-01-01 00:00:00","0"
"666","67","テスト駆動開発","1","ja","","lesson-stories/ja/software_06.json","2024-01-01 00:00:00","2024-01-01 00:00:00","0"
"667","67","DevOpsとは","1","ja","","lesson-stories/ja/software_07.json","2024-01-01 00:00:00","2024-01-01 00:00:00","0"
"668","67","コンテナ技術(Docker)","1","ja","","lesson-stories/ja/software_08.json","2024-01-01 00:00:00","2024-01-01 00:00:00","0"
"669","67","マイクロサービス","1","ja","","lesson-stories/ja/software_09.json","2024-01-01 00:00:00","2024-01-01 00:00:00","0"
"670","67","設計パターン","1","ja","","lesson-stories/ja/software_10.json","2024-01-01 00:00:00","2024-01-01 00:00:00","0"
"671","68","What is Software?","1","en","","lesson-stories/en/software_01.json","2024-01-01 00:00:00","2024-01-01 00:00:00","0"
"672","68","Version Control (Git)","1","en","","lesson-stories/en/software_02.json","2024-01-01 00:00:00","2024-01-01 00:00:00","0"
"673","68","Cloud Computing","1","en","","lesson-stories/en/software_03.json","2024-01-01 00:00:00","2024-01-01 00:00:00","0"
"674","68","Database Intro","1","en","","lesson-stories/en/software_04.json","2024-01-01 00:00:00","2024-01-01 00:00:00","0"
"675","68","API Design","1","en","","lesson-stories/en/software_05.json","2024-01-01 00:00:00","2024-01-01 00:00:00","0"
"676","68","Test-Driven Development","1","en","","lesson-stories/en/software_06.json","2024-01-01 00:00:00","2024-01-01 00:00:00","0"
"677","68","What is DevOps?","1","en","","lesson-stories/en/software_07.json","2024-01-01 00:00:00","2024-01-01 00:00:00","0"
"678","68","Container Tech (Docker)","1","en","","lesson-stories/en/software_08.json","2024-01-01 00:00:00","2024-01-01 00:00:00","0"
"679","68","Microservices","1","en","","lesson-stories/en/software_09.json","2024-01-01 00:00:00","2024-01-01 00:00:00","0"
"680","68","Design Patterns","1","en","","lesson-stories/en/software_10.json","2024-01-01 00:00:00","2024-01-01 00:00:00","0"
"681","69","Apa itu Software?","1","id","","lesson-stories/id/software_01.json","2024-01-01 00:00:00","2024-01-01 00:00:00","0"
"682","69","Kontrol Versi (Git)","1","id","","lesson-stories/id/software_02.json","2024-01-01 00:00:00","2024-01-01 00:00:00","0"
"683","69","Komputasi Cloud","1","id","","lesson-stories/id/software_03.json","2024-01-01 00:00:00","2024-01-01 00:00:00","0"
"684","69","Database","1","id","","lesson-stories/id/software_04.json","2024-01-01 00:00:00","2024-01-01 00:00:00","0"
"685","69","Desain API","1","id","","lesson-stories/id/software_05.json","2024-01-01 00:00:00","2024-01-01 00:00:00","0"
"686","69","TDD","1","id","","lesson-stories/id/software_06.json","2024-01-01 00:00:00","2024-01-01 00:00:00","0"
"687","69","DevOps","1","id","","lesson-stories/id/software_07.json","2024-01-01 00:00:00","2024-01-01 00:00:00","0"
"688","69","Docker","1","id","","lesson-stories/id/software_08.json","2024-01-01 00:00:00","2024-01-01 00:00:00","0"
"689","69","Microservices","1","id","","lesson-stories/id/software_09.json","2024-01-01 00:00:00","2024-01-01 00:00:00","0"
"690","69","Pola Desain","1","id","","lesson-stories/id/software_10.json","2024-01-01 00:00:00","2024-01-01 00:00:00","0"
"691","70","Phần mềm là gì?","1","vi","","lesson-stories/vi/software_01.json","2024-01-01 00:00:00","2024-01-01 00:00:00","0"
"692","70","Git","1","vi","","lesson-stories/vi/software_02.json","2024-01-01 00:00:00","2024-01-01 00:00:00","0"
"693","70","Điện toán đám mây","1","vi","","lesson-stories/vi/software_03.json","2024-01-01 00:00:00","2024-01-01 00:00:00","0"
"694","70","Database","1","vi","","lesson-stories/vi/software_04.json","2024-01-01 00:00:00","2024-01-01 00:00:00","0"
"695","70","Thiết kế API","1","vi","","lesson-stories/vi/software_05.json","2024-01-01 00:00:00","2024-01-01 00:00:00","0"
"696","70","TDD","1","vi","","lesson-stories/vi/software_06.json","2024-01-01 00:00:00","2024-01-01 00:00:00","0"
"697","70","DevOps","1","vi","","lesson-stories/vi/software_07.json","2024-01-01 00:00:00","2024-01-01 00:00:00","0"
"698","70","Docker","1","vi","","lesson-stories/vi/software_08.json","2024-01-01 00:00:00","2024-01-01 00:00:00","0"
"699","70","Microservices","1","vi","","lesson-stories/vi/software_09.json","2024-01-01 00:00:00","2024-01-01 00:00:00","0"
"700","70","Mẫu thiết kế","1","vi","","lesson-stories/vi/software_10.json","2024-01-01 00:00:00","2024-01-01 00:00:00","0"
"701","71","什么是软件?","1","zh","","lesson-stories/zh/software_01.json","2024-01-01 00:00:00","2024-01-01 00:00:00","0"
"702","71","版本控制(Git)","1","zh","","lesson-stories/zh/software_02.json","2024-01-01 00:00:00","2024-01-01 00:00:00","0"
"703","71","云计算","1","zh","","lesson-stories/zh/software_03.json","2024-01-01 00:00:00","2024-01-01 00:00:00","0"
"704","71","数据库","1","zh","","lesson-stories/zh/software_04.json","2024-01-01 00:00:00","2024-01-01 00:00:00","0"
"705","71","API设计","1","zh","","lesson-stories/zh/software_05.json","2024-01-01 00:00:00","2024-01-01 00:00:00","0"
"706","71","TDD","1","zh","","lesson-stories/zh/software_06.json","2024-01-01 00:00:00","2024-01-01 00:00:00","0"
"707","71","DevOps","1","zh","","lesson-stories/zh/software_07.json","2024-01-01 00:00:00","2024-01-01 00:00:00","0"
"708","71","Docker","1","zh","","lesson-stories/zh/software_08.json","2024-01-01 00:00:00","2024-01-01 00:00:00","0"
"709","71","微服务","1","zh","","lesson-stories/zh/software_09.json","2024-01-01 00:00:00","2024-01-01 00:00:00","0"
"710","71","设计模式","1","zh","","lesson-stories/zh/software_10.json","2024-01-01 00:00:00","2024-01-01 00:00:00","0"
"711","72","सफ्टवेयर के हो?","1","ne","","lesson-stories/ne/software_01.json","2024-01-01 00:00:00","2024-01-01 00:00:00","0"
"712","72","Git","1","ne","","lesson-stories/ne/software_02.json","2024-01-01 00:00:00","2024-01-01 00:00:00","0"
"713","72","क्लाउड","1","ne","","lesson-stories/ne/software_03.json","2024-01-01 00:00:00","2024-01-01 00:00:00","0"
"714","72","डेटाबेस","1","ne","","lesson-stories/ne/software_04.json","2024-01-01 00:00:00","2024-01-01 00:00:00","0"
"715","72","API डिजाइन","1","ne","","lesson-stories/ne/software_05.json","2024-01-01 00:00:00","2024-01-01 00:00:00","0"
"716","72","TDD","1","ne","","lesson-stories/ne/software_06.json","2024-01-01 00:00:00","2024-01-01 00:00:00","0"
"717","72","DevOps","1","ne","","lesson-stories/ne/software_07.json","2024-01-01 00:00:00","2024-01-01 00:00:00","0"
"718","72","Docker","1","ne","","lesson-stories/ne/software_08.json","2024-01-01 00:00:00","2024-01-01 00:00:00","0"
"719","72","माइक्रोसर्भिस","1","ne","","lesson-stories/ne/software_09.json","2024-01-01 00:00:00","2024-01-01 00:00:00","0"
"720","72","डिजाइन प्याटर्न","1","ne","","lesson-stories/ne/software_10.json","2024-01-01 00:00:00","2024-01-01 00:00:00","0"
"721","73","最新テクノロジーとは","1","ja","","lesson-stories/ja/technology_01.json","2024-01-01 00:00:00","2024-01-01 00:00:00","0"
"722","73","メタバース","1","ja","","lesson-stories/ja/technology_02.json","2024-01-01 00:00:00","2024-01-01 00:00:00","0"
"723","73","ブロックチェーン","1","ja","","lesson-stories/ja/technology_03.json","2024-01-01 00:00:00","2024-01-01 00:00:00","0"
"724","73","AR/VR技術","1","ja","","lesson-stories/ja/technology_04.json","2024-01-01 00:00:00","2024-01-01 00:00:00","0"
"725","73","IoTの世界","1","ja","","lesson-stories/ja/technology_05.json","2024-01-01 00:00:00","2024-01-01 00:00:00","0"
"726","73","量子コンピュータ","1","ja","","lesson-stories/ja/technology_06.json","2024-01-01 00:00:00","2024-01-01 00:00:00","0"
"727","73","5G/6G通信","1","ja","","lesson-stories/ja/technology_07.json","2024-01-01 00:00:00","2024-01-01 00:00:00","0"
"728","73","ロボット工学","1","ja","","lesson-stories/ja/technology_08.json","2024-01-01 00:00:00","2024-01-01 00:00:00","0"
"729","73","バイオテクノロジー","1","ja","","lesson-stories/ja/technology_09.json","2024-01-01 00:00:00","2024-01-01 00:00:00","0"
"730","73","未来のテクノロジー","1","ja","","lesson-stories/ja/technology_10.json","2024-01-01 00:00:00","2024-01-01 00:00:00","0"
"731","74","What is Latest Technology?","1","en","","lesson-stories/en/technology_01.json","2024-01-01 00:00:00","2024-01-01 00:00:00","0"
"732","74","The Metaverse","1","en","","lesson-stories/en/technology_02.json","2024-01-01 00:00:00","2024-01-01 00:00:00","0"
"733","74","Blockchain","1","en","","lesson-stories/en/technology_03.json","2024-01-01 00:00:00","2024-01-01 00:00:00","0"
"734","74","AR/VR Technology","1","en","","lesson-stories/en/technology_04.json","2024-01-01 00:00:00","2024-01-01 00:00:00","0"
"735","74","The World of IoT","1","en","","lesson-stories/en/technology_05.json","2024-01-01 00:00:00","2024-01-01 00:00:00","0"
"736","74","Quantum Computing","1","en","","lesson-stories/en/technology_06.json","2024-01-01 00:00:00","2024-01-01 00:00:00","0"
"737","74","5G/6G Networks","1","en","","lesson-stories/en/technology_07.json","2024-01-01 00:00:00","2024-01-01 00:00:00","0"
"738","74","Robotics","1","en","","lesson-stories/en/technology_08.json","2024-01-01 00:00:00","2024-01-01 00:00:00","0"
"739","74","Biotechnology","1","en","","lesson-stories/en/technology_09.json","2024-01-01 00:00:00","2024-01-01 00:00:00","0"
"740","74","Technology of the Future","1","en","","lesson-stories/en/technology_10.json","2024-01-01 00:00:00","2024-01-01 00:00:00","0"
"741","75","Teknologi Terkini","1","id","","lesson-stories/id/technology_01.json","2024-01-01 00:00:00","2024-01-01 00:00:00","0"
"742","75","Metaverse","1","id","","lesson-stories/id/technology_02.json","2024-01-01 00:00:00","2024-01-01 00:00:00","0"
"743","75","Blockchain","1","id","","lesson-stories/id/technology_03.json","2024-01-01 00:00:00","2024-01-01 00:00:00","0"
"744","75","AR/VR","1","id","","lesson-stories/id/technology_04.json","2024-01-01 00:00:00","2024-01-01 00:00:00","0"
"745","75","IoT","1","id","","lesson-stories/id/technology_05.json","2024-01-01 00:00:00","2024-01-01 00:00:00","0"
"746","75","Komputasi Kuantum","1","id","","lesson-stories/id/technology_06.json","2024-01-01 00:00:00","2024-01-01 00:00:00","0"
"747","75","5G/6G","1","id","","lesson-stories/id/technology_07.json","2024-01-01 00:00:00","2024-01-01 00:00:00","0"
"748","75","Robotika","1","id","","lesson-stories/id/technology_08.json","2024-01-01 00:00:00","2024-01-01 00:00:00","0"
"749","75","Bioteknologi","1","id","","lesson-stories/id/technology_09.json","2024-01-01 00:00:00","2024-01-01 00:00:00","0"
"750","75","Teknologi Masa Depan","1","id","","lesson-stories/id/technology_10.json","2024-01-01 00:00:00","2024-01-01 00:00:00","0"
"751","76","Công nghệ mới nhất","1","vi","","lesson-stories/vi/technology_01.json","2024-01-01 00:00:00","2024-01-01 00:00:00","0"
"752","76","Metaverse","1","vi","","lesson-stories/vi/technology_02.json","2024-01-01 00:00:00","2024-01-01 00:00:00","0"
"753","76","Blockchain","1","vi","","lesson-stories/vi/technology_03.json","2024-01-01 00:00:00","2024-01-01 00:00:00","0"
"754","76","AR/VR","1","vi","","lesson-stories/vi/technology_04.json","2024-01-01 00:00:00","2024-01-01 00:00:00","0"
"755","76","IoT","1","vi","","lesson-stories/vi/technology_05.json","2024-01-01 00:00:00","2024-01-01 00:00:00","0"
"756","76","Điện toán lượng tử","1","vi","","lesson-stories/vi/technology_06.json","2024-01-01 00:00:00","2024-01-01 00:00:00","0"
"757","76","5G/6G","1","vi","","lesson-stories/vi/technology_07.json","2024-01-01 00:00:00","2024-01-01 00:00:00","0"
"758","76","Robotics","1","vi","","lesson-stories/vi/technology_08.json","2024-01-01 00:00:00","2024-01-01 00:00:00","0"
"759","76","Công nghệ sinh học","1","vi","","lesson-stories/vi/technology_09.json","2024-01-01 00:00:00","2024-01-01 00:00:00","0"
"760","76","Công nghệ tương lai","1","vi","","lesson-stories/vi/technology_10.json","2024-01-01 00:00:00","2024-01-01 00:00:00","0"
"761","77","最新技术","1","zh","","lesson-stories/zh/technology_01.json","2024-01-01 00:00:00","2024-01-01 00:00:00","0"
"762","77","元宇宙","1","zh","","lesson-stories/zh/technology_02.json","2024-01-01 00:00:00","2024-01-01 00:00:00","0"
"763","77","区块链","1","zh","","lesson-stories/zh/technology_03.json","2024-01-01 00:00:00","2024-01-01 00:00:00","0"
"764","77","AR/VR","1","zh","","lesson-stories/zh/technology_04.json","2024-01-01 00:00:00","2024-01-01 00:00:00","0"
"765","77","物联网","1","zh","","lesson-stories/zh/technology_05.json","2024-01-01 00:00:00","2024-01-01 00:00:00","0"
"766","77","量子计算","1","zh","","lesson-stories/zh/technology_06.json","2024-01-01 00:00:00","2024-01-01 00:00:00","0"
"767","77","5G/6G","1","zh","","lesson-stories/zh/technology_07.json","2024-01-01 00:00:00","2024-01-01 00:00:00","0"
"768","77","机器人技术","1","zh","","lesson-stories/zh/technology_08.json","2024-01-01 00:00:00","2024-01-01 00:00:00","0"
"769","77","生物技术","1","zh","","lesson-stories/zh/technology_09.json","2024-01-01 00:00:00","2024-01-01 00:00:00","0"
"770","77","未来科技","1","zh","","lesson-stories/zh/technology_10.json","2024-01-01 00:00:00","2024-01-01 00:00:00","0"
"771","78","नवीनतम प्रविधि","1","ne","","lesson-stories/ne/technology_01.json","2024-01-01 00:00:00","2024-01-01 00:00:00","0"
"772","78","मेटाभर्स","1","ne","","lesson-stories/ne/technology_02.json","2024-01-01 00:00:00","2024-01-01 00:00:00","0"
"773","78","ब्लकचेन","1","ne","","lesson-stories/ne/technology_03.json","2024-01-01 00:00:00","2024-01-01 00:00:00","0"
"774","78","AR/VR","1","ne","","lesson-stories/ne/technology_04.json","2024-01-01 00:00:00","2024-01-01 00:00:00","0"
"775","78","IoT","1","ne","","lesson-stories/ne/technology_05.json","2024-01-01 00:00:00","2024-01-01 00:00:00","0"
"776","78","क्वान्टम कम्प्युटिङ","1","ne","","lesson-stories/ne/technology_06.json","2024-01-01 00:00:00","2024-01-01 00:00:00","0"
"777","78","5G/6G","1","ne","","lesson-stories/ne/technology_07.json","2024-01-01 00:00:00","2024-01-01 00:00:00","0"
"778","78","रोबोटिक्स","1","ne","","lesson-stories/ne/technology_08.json","2024-01-01 00:00:00","2024-01-01 00:00:00","0"
"779","78","जैविक प्रविधि","1","ne","","lesson-stories/ne/technology_09.json","2024-01-01 00:00:00","2024-01-01 00:00:00","0"
"780","78","भविष्यको प्रविधि","1","ne","","lesson-stories/ne/technology_10.json","2024-01-01 00:00:00","2024-01-01 00:00:00","0"
"781","79","長崎の歴史","1","ja","","lesson-stories/ja/nagasaki_01.json","2024-01-01 00:00:00","2024-01-01 00:00:00","0"
"782","79","長崎の文化","1","ja","","lesson-stories/ja/nagasaki_02.json","2024-01-01 00:00:00","2024-01-01 00:00:00","0"
"783","79","長崎のグルメ","1","ja","","lesson-stories/ja/nagasaki_03.json","2024-01-01 00:00:00","2024-01-01 00:00:00","0"
"784","79","長崎の観光地","1","ja","","lesson-stories/ja/nagasaki_04.json","2024-01-01 00:00:00","2024-01-01 00:00:00","0"
"785","79","長崎の伝統","1","ja","","lesson-stories/ja/nagasaki_05.json","2024-01-01 00:00:00","2024-01-01 00:00:00","0"
"786","79","長崎の自然","1","ja","","lesson-stories/ja/nagasaki_06.json","2024-01-01 00:00:00","2024-01-01 00:00:00","0"
"787","79","長崎と平和","1","ja","","lesson-stories/ja/nagasaki_07.json","2024-01-01 00:00:00","2024-01-01 00:00:00","0"
"788","79","長崎のテクノロジー","1","ja","","lesson-stories/ja/nagasaki_08.json","2024-01-01 00:00:00","2024-01-01 00:00:00","0"
"789","79","長崎の産業","1","ja","","lesson-stories/ja/nagasaki_09.json","2024-01-01 00:00:00","2024-01-01 00:00:00","0"
"790","79","長崎の未来","1","ja","","lesson-stories/ja/nagasaki_10.json","2024-01-01 00:00:00","2024-01-01 00:00:00","0"
"791","80","History of Nagasaki","1","en","","lesson-stories/en/nagasaki_01.json","2024-01-01 00:00:00","2024-01-01 00:00:00","0"
"792","80","Culture of Nagasaki","1","en","","lesson-stories/en/nagasaki_02.json","2024-01-01 00:00:00","2024-01-01 00:00:00","0"
"793","80","Food of Nagasaki","1","en","","lesson-stories/en/nagasaki_03.json","2024-01-01 00:00:00","2024-01-01 00:00:00","0"
"794","80","Tourist Spots","1","en","","lesson-stories/en/nagasaki_04.json","2024-01-01 00:00:00","2024-01-01 00:00:00","0"
"795","80","Traditions","1","en","","lesson-stories/en/nagasaki_05.json","2024-01-01 00:00:00","2024-01-01 00:00:00","0"
"796","80","Nature in Nagasaki","1","en","","lesson-stories/en/nagasaki_06.json","2024-01-01 00:00:00","2024-01-01 00:00:00","0"
"797","80","Nagasaki and Peace","1","en","","lesson-stories/en/nagasaki_07.json","2024-01-01 00:00:00","2024-01-01 00:00:00","0"
"798","80","Technology in Nagasaki","1","en","","lesson-stories/en/nagasaki_08.json","2024-01-01 00:00:00","2024-01-01 00:00:00","0"
"799","80","Industry in Nagasaki","1","en","","lesson-stories/en/nagasaki_09.json","2024-01-01 00:00:00","2024-01-01 00:00:00","0"
"800","80","Future of Nagasaki","1","en","","lesson-stories/en/nagasaki_10.json","2024-01-01 00:00:00","2024-01-01 00:00:00","0"
